order_id,date,item_name,item_type,item_price,quantity,transaction_amount,transaction_type,received_by,time_of_sale
0.0,8/23/2022,Vadapav,Fastfood,0.0,1.0,0.3181818181818182,Cash,Mr.,Afternoon
0.0010020040080160318,11/20/2022,Vadapav,Fastfood,0.0,0.0,0.0,Cash,Mr.,Afternoon
0.002004008016032064,02-03-2023,Sugarcane juice,Beverages,0.125,0.3571428571428571,0.1477272727272727,Online,Mr.,Night
0.003006012024048096,10-02-2022,Sugarcane juice,Beverages,0.125,0.5,0.20454545454545453,Online,Mr.,Evening
0.004008016032064127,11/14/2022,Vadapav,Fastfood,0.0,0.6428571428571428,0.20454545454545453,Cash,Mr.,Evening
0.00501002004008016,05-03-2022,Sugarcane juice,Beverages,0.125,0.5714285714285714,0.23295454545454544,Cash,Mr.,Evening
0.0060120240480961915,12/22/2022,Panipuri,Fastfood,0.0,0.9285714285714286,0.29545454545454547,Online,Mr.,Night
0.007014028056112223,06-10-2022,Panipuri,Fastfood,0.0,0.0,0.0,Cash,Mrs.,Morning
0.008016032064128256,9/16/2022,Panipuri,Fastfood,0.0,0.2857142857142857,0.09090909090909091,Online,Mr.,Afternoon
0.009018036072144287,12-01-2022,Frankie,Fastfood,0.75,0.5,0.4318181818181818,Online,Mrs.,Afternoon
0.010020040080160319,07-12-2022,Vadapav,Fastfood,0.0,0.5,0.1590909090909091,Online,Mrs.,Night
0.011022044088176352,12/22/2022,Panipuri,Fastfood,0.0,0.5714285714285714,0.1818181818181818,Online,Mrs.,Afternoon
0.012024048096192383,11/25/2022,Frankie,Fastfood,0.75,0.21428571428571427,0.20454545454545453,Online,Mr.,Morning
0.013026052104208416,02-03-2023,Aalopuri,Fastfood,0.0,0.14285714285714285,0.04545454545454545,Cash,Mrs.,Evening
0.01503006012024048,10/16/2022,Panipuri,Fastfood,0.0,0.7142857142857143,0.22727272727272727,Cash,Mrs.,Morning
0.01603206412825651,11-05-2022,Panipuri,Fastfood,0.0,0.6428571428571428,0.20454545454545453,Cash,Mrs.,Night
0.017034068136272545,8/22/2022,Panipuri,Fastfood,0.0,0.7142857142857143,0.22727272727272727,Cash,Mrs.,Night
0.018036072144288578,9/15/2022,Cold coffee,Beverages,0.5,0.6428571428571428,0.4318181818181818,Online,Mr.,Night
0.019038076152304607,12/21/2022,Cold coffee,Beverages,0.5,1.0,0.6590909090909091,Cash,Mr.,Evening
0.02004008016032064,10-04-2022,Sugarcane juice,Beverages,0.125,0.7857142857142857,0.3181818181818182,Online,Mr.,Evening
0.021042084168336674,5/26/2022,Sandwich,Fastfood,1.0,0.14285714285714285,0.1818181818181818,Online,Mr.,Midnight
0.022044088176352703,02-11-2023,Sugarcane juice,Beverages,0.125,0.6428571428571428,0.26136363636363635,Online,Mr.,Afternoon
0.023046092184368736,8/31/2022,Sandwich,Fastfood,1.0,0.0,0.04545454545454545,Online,Mrs.,Evening
0.02404809619238477,8/18/2022,Sugarcane juice,Beverages,0.125,0.21428571428571427,0.09090909090909091,Cash,Mr.,Afternoon
0.025050100200400802,10-12-2022,Cold coffee,Beverages,0.5,0.7142857142857143,0.4772727272727273,Online,Mrs.,Afternoon
0.026052104208416832,01-06-2023,Cold coffee,Beverages,0.5,0.6428571428571428,0.4318181818181818,Online,Mrs.,Afternoon
0.027054108216432865,02-10-2023,Sugarcane juice,Beverages,0.125,0.5714285714285714,0.23295454545454544,Online,Mr.,Afternoon
0.028056112224448898,1/28/2023,Frankie,Fastfood,0.75,0.07142857142857142,0.09090909090909091,Cash,Mrs.,Night
0.029058116232464928,9/14/2022,Cold coffee,Beverages,0.5,0.8571428571428571,0.5681818181818181,Online,Mrs.,Evening
0.031062124248496994,02-05-2023,Aalopuri,Fastfood,0.0,0.8571428571428571,0.2727272727272727,Online,Mr.,Night
0.03206412825651302,02-04-2023,Frankie,Fastfood,0.75,0.7857142857142857,0.6590909090909091,Online,Mrs.,Evening
0.033066132264529056,5/22/2022,Vadapav,Fastfood,0.0,0.5,0.1590909090909091,Cash,Mr.,Morning
0.03406813627254508,07-02-2022,Cold coffee,Beverages,0.5,0.6428571428571428,0.4318181818181818,Online,Mr.,Afternoon
0.035070140280561116,01-05-2023,Frankie,Fastfood,0.75,0.6428571428571428,0.5454545454545454,Cash,Mr.,Night
0.03607214428857715,03-08-2023,Panipuri,Fastfood,0.0,0.7857142857142857,0.24999999999999997,Online,Mrs.,Night
0.03707414829659318,5/14/2022,Vadapav,Fastfood,0.0,0.07142857142857142,0.022727272727272728,Online,Mr.,Evening
0.038076152304609215,02-05-2023,Sandwich,Fastfood,1.0,0.2857142857142857,0.3181818181818182,Online,Mrs.,Night
0.040080160320641274,05-09-2022,Aalopuri,Fastfood,0.0,0.5,0.1590909090909091,Online,Mrs.,Night
0.04108216432865731,5/26/2022,Vadapav,Fastfood,0.0,0.0,0.0,Cash,Mr.,Night
0.04208416833667334,8/28/2022,Cold coffee,Beverages,0.5,0.7857142857142857,0.5227272727272727,Cash,Mr.,Evening
0.04308617234468937,8/15/2022,Sugarcane juice,Beverages,0.125,0.3571428571428571,0.1477272727272727,Cash,Mrs.,Afternoon
0.044088176352705406,05-07-2022,Vadapav,Fastfood,0.0,0.4285714285714286,0.13636363636363635,Cash,Mr.,Evening
0.046092184368737465,2/23/2023,Sandwich,Fastfood,1.0,0.9285714285714286,0.9318181818181818,Online,Mr.,Afternoon
0.0470941883767535,11-06-2022,Frankie,Fastfood,0.75,0.21428571428571427,0.20454545454545453,Online,Mrs.,Morning
0.04809619238476953,11-02-2022,Vadapav,Fastfood,0.0,0.5,0.1590909090909091,Cash,Mrs.,Midnight
0.049098196392785565,5/16/2022,Frankie,Fastfood,0.75,1.0,0.8295454545454545,Online,Mrs.,Morning
0.0501002004008016,3/16/2023,Sugarcane juice,Beverages,0.125,0.7857142857142857,0.3181818181818182,Cash,Mrs.,Midnight
0.05110220440881763,7/26/2022,Aalopuri,Fastfood,0.0,0.8571428571428571,0.2727272727272727,Cash,Mr.,Afternoon
0.052104208416833664,12/28/2022,Panipuri,Fastfood,0.0,0.9285714285714286,0.29545454545454547,Online,Mrs.,Morning
0.05310621242484969,05-07-2022,Sandwich,Fastfood,1.0,0.6428571428571428,0.6590909090909091,Cash,Mr.,Night
0.05410821643286572,11/23/2022,Panipuri,Fastfood,0.0,0.7142857142857143,0.22727272727272727,Cash,Mrs.,Midnight
0.055110220440881756,08-04-2022,Panipuri,Fastfood,0.0,0.9285714285714286,0.29545454545454547,Online,Mrs.,Morning
0.05611222444889779,02-03-2023,Vadapav,Fastfood,0.0,0.3571428571428571,0.11363636363636362,Online,Mrs.,Morning
0.05711422845691382,07-01-2022,Vadapav,Fastfood,0.0,0.2857142857142857,0.09090909090909091,Cash,Mr.,Morning
0.058116232464929855,06-11-2022,Cold coffee,Beverages,0.5,0.07142857142857142,0.06818181818181818,Online,Mr.,Night
0.05911823647294588,12/25/2022,Vadapav,Fastfood,0.0,0.9285714285714286,0.29545454545454547,Cash,Mrs.,Afternoon
0.060120240480961915,10/17/2022,Sugarcane juice,Beverages,0.125,0.14285714285714285,0.06249999999999999,Cash,Mr.,Afternoon
0.06112224448897795,12-01-2022,Sandwich,Fastfood,1.0,0.4285714285714286,0.45454545454545453,Online,Mrs.,Morning
0.06212424849699398,12-09-2022,Cold coffee,Beverages,0.5,0.0,0.022727272727272728,Cash,Mr.,Morning
0.06312625250501001,7/25/2022,Aalopuri,Fastfood,0.0,0.21428571428571427,0.06818181818181818,Cash,Mr.,Morning
0.06412825651302605,04-05-2022,Frankie,Fastfood,0.75,0.07142857142857142,0.09090909090909091,Cash,Mrs.,Morning
0.06513026052104208,5/15/2022,Aalopuri,Fastfood,0.0,0.5714285714285714,0.1818181818181818,Cash,Mr.,Midnight
0.06713426853707415,01-10-2023,Vadapav,Fastfood,0.0,0.4285714285714286,0.13636363636363635,Cash,Mr.,Midnight
0.0691382765531062,12-05-2022,Cold coffee,Beverages,0.5,0.3571428571428571,0.24999999999999997,Online,Mr.,Night
0.07014028056112223,03-09-2023,Frankie,Fastfood,0.75,0.8571428571428571,0.7159090909090909,Online,Mr.,Afternoon
0.07114228456913826,7/29/2022,Panipuri,Fastfood,0.0,0.2857142857142857,0.09090909090909091,Cash,Mr.,Midnight
0.0721442885771543,8/15/2022,Cold coffee,Beverages,0.5,0.6428571428571428,0.4318181818181818,Online,Mrs.,Evening
0.07314629258517033,02-02-2023,Cold coffee,Beverages,0.5,0.3571428571428571,0.24999999999999997,Online,Mrs.,Afternoon
0.07414829659318636,8/17/2022,Vadapav,Fastfood,0.0,0.5714285714285714,0.1818181818181818,Online,Mr.,Morning
0.0751503006012024,02-04-2023,Sugarcane juice,Beverages,0.125,0.7857142857142857,0.3181818181818182,Cash,Mrs.,Midnight
0.07615230460921843,10-01-2022,Vadapav,Fastfood,0.0,0.21428571428571427,0.06818181818181818,Cash,Mrs.,Evening
0.07715430861723446,11-05-2022,Panipuri,Fastfood,0.0,0.3571428571428571,0.11363636363636362,Online,Mr.,Night
0.0781563126252505,5/24/2022,Frankie,Fastfood,0.75,0.8571428571428571,0.7159090909090909,Cash,Mr.,Evening
0.07915831663326653,11/19/2022,Frankie,Fastfood,0.75,0.7857142857142857,0.6590909090909091,Online,Mrs.,Night
0.08016032064128256,7/17/2022,Frankie,Fastfood,0.75,0.14285714285714285,0.1477272727272727,Online,Mrs.,Evening
0.08216432865731461,03-03-2023,Panipuri,Fastfood,0.0,0.8571428571428571,0.2727272727272727,Cash,Mr.,Midnight
0.08316633266533065,8/19/2022,Aalopuri,Fastfood,0.0,0.14285714285714285,0.04545454545454545,Online,Mrs.,Night
0.08416833667334668,03-09-2023,Aalopuri,Fastfood,0.0,1.0,0.3181818181818182,Cash,Mr.,Morning
0.08517034068136271,5/29/2022,Aalopuri,Fastfood,0.0,0.5,0.1590909090909091,Cash,Mr.,Night
0.08617234468937875,07-07-2022,Cold coffee,Beverages,0.5,0.6428571428571428,0.4318181818181818,Cash,Mr.,Evening
0.08717434869739478,12/23/2022,Aalopuri,Fastfood,0.0,0.9285714285714286,0.29545454545454547,Cash,Mr.,Evening
0.08817635270541081,10/29/2022,Vadapav,Fastfood,0.0,1.0,0.3181818181818182,Online,Mr.,Night
0.09018036072144288,5/13/2022,Aalopuri,Fastfood,0.0,1.0,0.3181818181818182,Cash,Mr.,Afternoon
0.09118236472945891,07-03-2022,Cold coffee,Beverages,0.5,0.07142857142857142,0.06818181818181818,Online,Mrs.,Midnight
0.09318637274549098,05-12-2022,Sugarcane juice,Beverages,0.125,0.5,0.20454545454545453,Online,Mr.,Night
0.09519038076152303,3/29/2023,Cold coffee,Beverages,0.5,0.8571428571428571,0.5681818181818181,Online,Mr.,Evening
0.09619238476953906,12/24/2022,Vadapav,Fastfood,0.0,0.0,0.0,Online,Mr.,Morning
0.0971943887775551,09-11-2022,Sugarcane juice,Beverages,0.125,0.14285714285714285,0.06249999999999999,Cash,Mr.,Evening
0.09919839679358716,3/26/2023,Vadapav,Fastfood,0.0,0.14285714285714285,0.04545454545454545,Online,Mrs.,Morning
0.1002004008016032,3/13/2023,Cold coffee,Beverages,0.5,0.9285714285714286,0.6136363636363636,Cash,Mr.,Morning
0.10120240480961923,3/14/2023,Cold coffee,Beverages,0.5,0.5,0.34090909090909094,Online,Mrs.,Midnight
0.10220440881763526,10/27/2022,Cold coffee,Beverages,0.5,0.8571428571428571,0.5681818181818181,Online,Mr.,Morning
0.1032064128256513,1/25/2023,Panipuri,Fastfood,0.0,0.5,0.1590909090909091,Cash,Mrs.,Evening
0.10420841683366733,2/25/2023,Frankie,Fastfood,0.75,0.5714285714285714,0.48863636363636365,Cash,Mrs.,Evening
0.10521042084168336,02-07-2023,Sandwich,Fastfood,1.0,0.21428571428571427,0.24999999999999997,Online,Mr.,Afternoon
0.1062124248496994,08-06-2022,Panipuri,Fastfood,0.0,0.2857142857142857,0.09090909090909091,Online,Mr.,Afternoon
0.10821643286573145,11/16/2022,Panipuri,Fastfood,0.0,0.07142857142857142,0.022727272727272728,Online,Mrs.,Morning
0.10921843687374748,09-04-2022,Sandwich,Fastfood,1.0,0.5,0.5227272727272727,Cash,Mrs.,Midnight
0.11022044088176351,2/24/2023,Sandwich,Fastfood,1.0,0.4285714285714286,0.45454545454545453,Cash,Mr.,Morning
0.11122244488977955,12-12-2022,Aalopuri,Fastfood,0.0,0.5,0.1590909090909091,Cash,Mr.,Afternoon
0.11222444889779558,8/14/2022,Aalopuri,Fastfood,0.0,0.6428571428571428,0.20454545454545453,Online,Mr.,Afternoon
0.11422845691382764,8/26/2022,Sugarcane juice,Beverages,0.125,0.8571428571428571,0.3465909090909091,Cash,Mr.,Evening
0.11523046092184368,03-09-2023,Frankie,Fastfood,0.75,0.4285714285714286,0.375,Online,Mrs.,Evening
0.11623246492985971,07-06-2022,Sandwich,Fastfood,1.0,0.0,0.04545454545454545,Online,Mr.,Midnight
0.11723446893787574,05-12-2022,Panipuri,Fastfood,0.0,0.6428571428571428,0.20454545454545453,Cash,Mr.,Evening
0.11823647294589178,07-10-2022,Frankie,Fastfood,0.75,0.07142857142857142,0.09090909090909091,Cash,Mrs.,Evening
0.11923847695390781,8/26/2022,Cold coffee,Beverages,0.5,0.5,0.34090909090909094,Cash,Mr.,Afternoon
0.12124248496993986,06-09-2022,Cold coffee,Beverages,0.5,0.3571428571428571,0.24999999999999997,Online,Mr.,Evening
0.12324649298597193,04-10-2022,Vadapav,Fastfood,0.0,0.4285714285714286,0.13636363636363635,Cash,Mrs.,Midnight
0.12424849699398796,04-08-2022,Panipuri,Fastfood,0.0,0.7142857142857143,0.22727272727272727,Online,Mrs.,Night
0.12625250501002003,08-07-2022,Vadapav,Fastfood,0.0,0.7142857142857143,0.22727272727272727,Online,Mr.,Midnight
0.12725450901803606,10/19/2022,Panipuri,Fastfood,0.0,0.8571428571428571,0.2727272727272727,Cash,Mrs.,Morning
0.1282565130260521,12/28/2022,Sugarcane juice,Beverages,0.125,0.4285714285714286,0.17613636363636362,Cash,Mr.,Night
0.12925851703406813,1/19/2023,Sandwich,Fastfood,1.0,0.5,0.5227272727272727,Cash,Mr.,Night
0.13026052104208416,12-05-2022,Vadapav,Fastfood,0.0,0.21428571428571427,0.06818181818181818,Online,Mrs.,Night
0.1312625250501002,12/20/2022,Aalopuri,Fastfood,0.0,0.2857142857142857,0.09090909090909091,Online,Mr.,Midnight
0.13226452905811623,7/17/2022,Aalopuri,Fastfood,0.0,0.7857142857142857,0.24999999999999997,Online,Mrs.,Night
0.13326653306613226,1/14/2023,Aalopuri,Fastfood,0.0,0.5,0.1590909090909091,Online,Mr.,Midnight
0.1342685370741483,8/24/2022,Aalopuri,Fastfood,0.0,1.0,0.3181818181818182,Online,Mr.,Morning
0.13627254509018036,09-01-2022,Sandwich,Fastfood,1.0,1.0,1.0,Online,Mr.,Night
0.1372745490981964,2/26/2023,Frankie,Fastfood,0.75,0.7142857142857143,0.6022727272727273,Online,Mrs.,Night
0.13827655310621242,06-12-2022,Frankie,Fastfood,0.75,0.8571428571428571,0.7159090909090909,Cash,Mr.,Night
0.14028056112224446,12/30/2022,Sugarcane juice,Beverages,0.125,0.7857142857142857,0.3181818181818182,Cash,Mrs.,Morning
0.14228456913827653,11/17/2022,Panipuri,Fastfood,0.0,0.6428571428571428,0.20454545454545453,Cash,Mrs.,Evening
0.14328657314629256,10-09-2022,Sandwich,Fastfood,1.0,0.9285714285714286,0.9318181818181818,Online,Mr.,Morning
0.14529058116232463,5/17/2022,Panipuri,Fastfood,0.0,0.4285714285714286,0.13636363636363635,Online,Mr.,Evening
0.14629258517034066,3/19/2023,Sandwich,Fastfood,1.0,0.8571428571428571,0.8636363636363636,Online,Mr.,Evening
0.1472945891783567,08-09-2022,Sandwich,Fastfood,1.0,0.4285714285714286,0.45454545454545453,Online,Mr.,Morning
0.14829659318637273,1/30/2023,Cold coffee,Beverages,0.5,0.9285714285714286,0.6136363636363636,Cash,Mr.,Afternoon
0.14929859719438876,07-10-2022,Frankie,Fastfood,0.75,0.8571428571428571,0.7159090909090909,Online,Mrs.,Morning
0.1503006012024048,10/24/2022,Cold coffee,Beverages,0.5,0.5714285714285714,0.38636363636363635,Online,Mr.,Afternoon
0.15130260521042083,7/21/2022,Panipuri,Fastfood,0.0,0.0,0.0,Cash,Mrs.,Evening
0.15230460921843686,12/13/2022,Vadapav,Fastfood,0.0,0.14285714285714285,0.04545454545454545,Cash,Mr.,Night
0.1533066132264529,02-07-2023,Sugarcane juice,Beverages,0.125,0.6428571428571428,0.26136363636363635,Cash,Mrs.,Evening
0.15430861723446893,3/25/2023,Panipuri,Fastfood,0.0,0.9285714285714286,0.29545454545454547,Cash,Mr.,Midnight
0.15531062124248496,2/24/2023,Frankie,Fastfood,0.75,0.4285714285714286,0.375,Online,Mrs.,Midnight
0.15731462925851702,10-03-2022,Sugarcane juice,Beverages,0.125,0.0,0.00568181818181818,Online,Mrs.,Afternoon
0.15831663326653306,7/23/2022,Vadapav,Fastfood,0.0,0.6428571428571428,0.20454545454545453,Online,Mr.,Night
0.1593186372745491,1/19/2023,Sugarcane juice,Beverages,0.125,0.7857142857142857,0.3181818181818182,Cash,Mr.,Evening
0.16032064128256512,05-07-2022,Aalopuri,Fastfood,0.0,0.7142857142857143,0.22727272727272727,Cash,Mr.,Midnight
0.16132264529058116,01-06-2023,Frankie,Fastfood,0.75,0.3571428571428571,0.3181818181818182,Online,Mrs.,Midnight
0.1623246492985972,08-10-2022,Sugarcane juice,Beverages,0.125,0.4285714285714286,0.17613636363636362,Online,Mr.,Afternoon
0.16332665330661322,01-05-2023,Sandwich,Fastfood,1.0,0.7142857142857143,0.7272727272727273,Cash,Mr.,Midnight
0.16432865731462926,06-01-2022,Panipuri,Fastfood,0.0,0.3571428571428571,0.11363636363636362,Cash,Mrs.,Evening
0.16533066132264526,2/23/2023,Cold coffee,Beverages,0.5,0.3571428571428571,0.24999999999999997,Cash,Mrs.,Morning
0.1663326653306613,4/19/2022,Sandwich,Fastfood,1.0,0.21428571428571427,0.24999999999999997,Cash,Mrs.,Midnight
0.16733466933867733,6/20/2022,Vadapav,Fastfood,0.0,0.3571428571428571,0.11363636363636362,Cash,Mr.,Morning
0.1693386773547094,03-02-2023,Vadapav,Fastfood,0.0,0.7142857142857143,0.22727272727272727,Cash,Mrs.,Midnight
0.17034068136272543,8/27/2022,Sugarcane juice,Beverages,0.125,0.3571428571428571,0.1477272727272727,Online,Mrs.,Night
0.17134268537074146,1/20/2023,Cold coffee,Beverages,0.5,0.07142857142857142,0.06818181818181818,Online,Mr.,Night
0.1723446893787575,09-03-2022,Aalopuri,Fastfood,0.0,0.07142857142857142,0.022727272727272728,Online,Mr.,Evening
0.17334669338677353,10/17/2022,Frankie,Fastfood,0.75,0.7857142857142857,0.6590909090909091,Cash,Mrs.,Afternoon
0.17434869739478956,08-04-2022,Panipuri,Fastfood,0.0,0.0,0.0,Cash,Mrs.,Midnight
0.1753507014028056,7/21/2022,Panipuri,Fastfood,0.0,0.7142857142857143,0.22727272727272727,Online,Mrs.,Morning
0.17635270541082163,12-09-2022,Aalopuri,Fastfood,0.0,0.07142857142857142,0.022727272727272728,Cash,Mrs.,Morning
0.1783567134268537,12-01-2022,Vadapav,Fastfood,0.0,0.3571428571428571,0.11363636363636362,Online,Mrs.,Afternoon
0.17935871743486972,06-09-2022,Cold coffee,Beverages,0.5,0.4285714285714286,0.29545454545454547,Cash,Mrs.,Night
0.18036072144288576,07-02-2022,Cold coffee,Beverages,0.5,0.0,0.022727272727272728,Cash,Mr.,Midnight
0.1813627254509018,07-10-2022,Sugarcane juice,Beverages,0.125,0.2857142857142857,0.1193181818181818,Cash,Mrs.,Midnight
0.18236472945891782,01-03-2023,Cold coffee,Beverages,0.5,0.5,0.34090909090909094,Cash,Mr.,Night
0.1843687374749499,3/15/2023,Frankie,Fastfood,0.75,0.07142857142857142,0.09090909090909091,Online,Mr.,Afternoon
0.18537074148296592,10-11-2022,Aalopuri,Fastfood,0.0,1.0,0.3181818181818182,Cash,Mrs.,Morning
0.18637274549098196,12/28/2022,Panipuri,Fastfood,0.0,0.9285714285714286,0.29545454545454547,Cash,Mrs.,Night
0.187374749498998,02-08-2023,Vadapav,Fastfood,0.0,0.7857142857142857,0.24999999999999997,Online,Mr.,Afternoon
0.18837675350701402,4/26/2022,Cold coffee,Beverages,0.5,0.0,0.022727272727272728,Online,Mr.,Evening
0.18937875751503006,5/20/2022,Sugarcane juice,Beverages,0.125,0.9285714285714286,0.375,Cash,Mrs.,Morning
0.19038076152304606,10/26/2022,Vadapav,Fastfood,0.0,0.07142857142857142,0.022727272727272728,Online,Mr.,Night
0.1913827655310621,02-05-2023,Cold coffee,Beverages,0.5,1.0,0.6590909090909091,Online,Mrs.,Midnight
0.19238476953907813,12/15/2022,Vadapav,Fastfood,0.0,0.21428571428571427,0.06818181818181818,Cash,Mrs.,Morning
0.19338677354709416,4/23/2022,Sandwich,Fastfood,1.0,0.21428571428571427,0.24999999999999997,Cash,Mrs.,Night
0.1943887775551102,6/25/2022,Sandwich,Fastfood,1.0,0.14285714285714285,0.1818181818181818,Cash,Mr.,Evening
0.19539078156312623,11-08-2022,Panipuri,Fastfood,0.0,0.6428571428571428,0.20454545454545453,Cash,Mrs.,Midnight
0.19639278557114226,01-05-2023,Frankie,Fastfood,0.75,1.0,0.8295454545454545,Cash,Mr.,Morning
0.1973947895791583,02-01-2023,Frankie,Fastfood,0.75,0.3571428571428571,0.3181818181818182,Online,Mrs.,Morning
0.19839679358717432,12/25/2022,Cold coffee,Beverages,0.5,0.6428571428571428,0.4318181818181818,Cash,Mrs.,Morning
0.19939879759519036,6/30/2022,Panipuri,Fastfood,0.0,0.5,0.1590909090909091,Cash,Mr.,Morning
0.2004008016032064,9/21/2022,Aalopuri,Fastfood,0.0,0.5714285714285714,0.1818181818181818,Cash,Mr.,Afternoon
0.20140280561122242,04-11-2022,Vadapav,Fastfood,0.0,0.3571428571428571,0.11363636363636362,Online,Mrs.,Midnight
0.20240480961923846,10/24/2022,Cold coffee,Beverages,0.5,0.4285714285714286,0.29545454545454547,Cash,Mrs.,Evening
0.20440881763527052,7/27/2022,Aalopuri,Fastfood,0.0,0.21428571428571427,0.06818181818181818,Cash,Mr.,Night
0.20541082164328656,2/20/2023,Cold coffee,Beverages,0.5,0.5,0.34090909090909094,Online,Mrs.,Evening
0.2064128256513026,8/26/2022,Cold coffee,Beverages,0.5,0.8571428571428571,0.5681818181818181,Cash,Mrs.,Midnight
0.20741482965931862,12-04-2022,Aalopuri,Fastfood,0.0,0.07142857142857142,0.022727272727272728,Cash,Mr.,Night
0.2094188376753507,4/18/2022,Aalopuri,Fastfood,0.0,0.7857142857142857,0.24999999999999997,Cash,Mr.,Morning
0.21042084168336672,05-05-2022,Cold coffee,Beverages,0.5,0.7857142857142857,0.5227272727272727,Online,Mrs.,Morning
0.2124248496993988,12-03-2022,Sugarcane juice,Beverages,0.125,0.9285714285714286,0.375,Online,Mr.,Evening
0.21442885771543085,03-07-2023,Panipuri,Fastfood,0.0,0.5714285714285714,0.1818181818181818,Cash,Mrs.,Afternoon
0.2154308617234469,3/23/2023,Cold coffee,Beverages,0.5,0.6428571428571428,0.4318181818181818,Cash,Mr.,Morning
0.2164328657314629,12/23/2022,Cold coffee,Beverages,0.5,0.8571428571428571,0.5681818181818181,Online,Mrs.,Midnight
0.21743486973947893,10-01-2022,Aalopuri,Fastfood,0.0,0.5714285714285714,0.1818181818181818,Cash,Mrs.,Evening
0.21843687374749496,5/13/2022,Sugarcane juice,Beverages,0.125,0.0,0.00568181818181818,Cash,Mr.,Afternoon
0.219438877755511,3/26/2023,Sandwich,Fastfood,1.0,0.0,0.04545454545454545,Online,Mr.,Evening
0.22044088176352702,09-11-2022,Sandwich,Fastfood,1.0,0.3571428571428571,0.38636363636363635,Cash,Mrs.,Morning
0.22144288577154306,9/21/2022,Panipuri,Fastfood,0.0,0.8571428571428571,0.2727272727272727,Online,Mr.,Night
0.2224448897795591,3/23/2023,Sugarcane juice,Beverages,0.125,0.9285714285714286,0.375,Cash,Mr.,Afternoon
0.22344689378757512,3/16/2023,Frankie,Fastfood,0.75,0.7142857142857143,0.6022727272727273,Cash,Mrs.,Evening
0.22444889779559116,12-12-2022,Aalopuri,Fastfood,0.0,0.8571428571428571,0.2727272727272727,Online,Mrs.,Afternoon
0.2254509018036072,11/17/2022,Cold coffee,Beverages,0.5,0.2857142857142857,0.20454545454545453,Cash,Mrs.,Afternoon
0.22645290581162322,11-05-2022,Panipuri,Fastfood,0.0,0.5,0.1590909090909091,Online,Mr.,Night
0.2284569138276553,4/16/2022,Frankie,Fastfood,0.75,0.3571428571428571,0.3181818181818182,Online,Mr.,Afternoon
0.23046092184368736,4/23/2022,Vadapav,Fastfood,0.0,0.8571428571428571,0.2727272727272727,Cash,Mrs.,Night
0.2314629258517034,7/31/2022,Panipuri,Fastfood,0.0,0.2857142857142857,0.09090909090909091,Cash,Mr.,Morning
0.23246492985971942,7/27/2022,Panipuri,Fastfood,0.0,0.6428571428571428,0.20454545454545453,Cash,Mr.,Midnight
0.23346693386773545,11/29/2022,Sandwich,Fastfood,1.0,0.6428571428571428,0.6590909090909091,Cash,Mrs.,Afternoon
0.23547094188376752,11-08-2022,Panipuri,Fastfood,0.0,0.8571428571428571,0.2727272727272727,Cash,Mrs.,Midnight
0.23647294589178355,4/26/2022,Vadapav,Fastfood,0.0,0.8571428571428571,0.2727272727272727,Cash,Mr.,Morning
0.2374749498997996,12-04-2022,Frankie,Fastfood,0.75,0.21428571428571427,0.20454545454545453,Online,Mr.,Evening
0.23847695390781562,12-11-2022,Sandwich,Fastfood,1.0,0.6428571428571428,0.6590909090909091,Cash,Mrs.,Morning
0.23947895791583165,06-06-2022,Sugarcane juice,Beverages,0.125,0.07142857142857142,0.03409090909090909,Cash,Mr.,Afternoon
0.24048096192384769,12/23/2022,Cold coffee,Beverages,0.5,0.21428571428571427,0.1590909090909091,Online,Mrs.,Midnight
0.24148296593186372,11-12-2022,Panipuri,Fastfood,0.0,0.2857142857142857,0.09090909090909091,Cash,Mrs.,Midnight
0.24248496993987972,11/22/2022,Sandwich,Fastfood,1.0,0.6428571428571428,0.6590909090909091,Online,Mrs.,Midnight
0.24348697394789576,10-03-2022,Vadapav,Fastfood,0.0,0.07142857142857142,0.022727272727272728,Cash,Mrs.,Morning
0.2444889779559118,11/16/2022,Vadapav,Fastfood,0.0,0.6428571428571428,0.20454545454545453,Cash,Mr.,Afternoon
0.24649298597194386,4/17/2022,Frankie,Fastfood,0.75,0.2857142857142857,0.26136363636363635,Online,Mrs.,Midnight
0.2474949899799599,10/26/2022,Sugarcane juice,Beverages,0.125,0.14285714285714285,0.06249999999999999,Online,Mrs.,Afternoon
0.24849699398797592,11/15/2022,Sugarcane juice,Beverages,0.125,0.3571428571428571,0.1477272727272727,Online,Mrs.,Midnight
0.250501002004008,3/26/2023,Vadapav,Fastfood,0.0,0.5,0.1590909090909091,Online,Mr.,Midnight
0.251503006012024,6/18/2022,Sugarcane juice,Beverages,0.125,0.8571428571428571,0.3465909090909091,Online,Mr.,Afternoon
0.2545090180360721,3/16/2023,Aalopuri,Fastfood,0.0,0.14285714285714285,0.04545454545454545,Online,Mrs.,Midnight
0.25551102204408815,01-03-2023,Sandwich,Fastfood,1.0,0.6428571428571428,0.6590909090909091,Cash,Mrs.,Midnight
0.2565130260521042,09-06-2022,Vadapav,Fastfood,0.0,0.9285714285714286,0.29545454545454547,Cash,Mr.,Midnight
0.2575150300601202,11/18/2022,Sandwich,Fastfood,1.0,0.21428571428571427,0.24999999999999997,Online,Mr.,Morning
0.25851703406813625,09-10-2022,Sugarcane juice,Beverages,0.125,0.07142857142857142,0.03409090909090909,Online,Mrs.,Night
0.2595190380761523,01-11-2023,Frankie,Fastfood,0.75,0.5714285714285714,0.48863636363636365,Cash,Mrs.,Midnight
0.26152304609218435,6/19/2022,Panipuri,Fastfood,0.0,0.07142857142857142,0.022727272727272728,Cash,Mr.,Evening
0.2625250501002004,7/18/2022,Sugarcane juice,Beverages,0.125,0.7857142857142857,0.3181818181818182,Online,Mr.,Morning
0.2635270541082164,8/15/2022,Vadapav,Fastfood,0.0,0.3571428571428571,0.11363636363636362,Cash,Mr.,Midnight
0.26452905811623245,10-02-2022,Frankie,Fastfood,0.75,0.6428571428571428,0.5454545454545454,Online,Mrs.,Night
0.2655310621242485,03-05-2023,Vadapav,Fastfood,0.0,0.0,0.0,Cash,Mr.,Morning
0.2665330661322645,02-05-2023,Cold coffee,Beverages,0.5,0.7857142857142857,0.5227272727272727,Cash,Mrs.,Midnight
0.2685370741482966,09-07-2022,Sandwich,Fastfood,1.0,0.8571428571428571,0.8636363636363636,Cash,Mr.,Evening
0.2695390781563126,05-03-2022,Vadapav,Fastfood,0.0,0.8571428571428571,0.2727272727272727,Cash,Mr.,Evening
0.27054108216432865,7/29/2022,Frankie,Fastfood,0.75,0.2857142857142857,0.26136363636363635,Online,Mrs.,Night
0.2715430861723447,8/15/2022,Panipuri,Fastfood,0.0,1.0,0.3181818181818182,Cash,Mr.,Midnight
0.2725450901803607,01-04-2023,Sugarcane juice,Beverages,0.125,0.6428571428571428,0.26136363636363635,Online,Mr.,Night
0.27354709418837675,02-04-2023,Vadapav,Fastfood,0.0,1.0,0.3181818181818182,Online,Mr.,Night
0.2745490981963928,9/30/2022,Sugarcane juice,Beverages,0.125,0.3571428571428571,0.1477272727272727,Cash,Mr.,Midnight
0.2755511022044088,12-08-2022,Cold coffee,Beverages,0.5,0.8571428571428571,0.5681818181818181,Cash,Mrs.,Midnight
0.27655310621242485,6/19/2022,Frankie,Fastfood,0.75,0.3571428571428571,0.3181818181818182,Online,Mrs.,Night
0.2775551102204409,9/14/2022,Vadapav,Fastfood,0.0,1.0,0.3181818181818182,Cash,Mrs.,Afternoon
0.2785571142284569,10-09-2022,Panipuri,Fastfood,0.0,0.9285714285714286,0.29545454545454547,Online,Mrs.,Evening
0.27955911823647295,08-09-2022,Sandwich,Fastfood,1.0,0.14285714285714285,0.1818181818181818,Cash,Mrs.,Afternoon
0.28156312625250496,07-02-2022,Panipuri,Fastfood,0.0,0.07142857142857142,0.022727272727272728,Cash,Mrs.,Midnight
0.2855711422845691,08-06-2022,Aalopuri,Fastfood,0.0,0.14285714285714285,0.04545454545454545,Cash,Mr.,Morning
0.2865731462925851,8/22/2022,Sandwich,Fastfood,1.0,0.4285714285714286,0.45454545454545453,Cash,Mr.,Night
0.28757515030060116,11/28/2022,Aalopuri,Fastfood,0.0,0.4285714285714286,0.13636363636363635,Online,Mrs.,Midnight
0.2885771543086172,05-03-2022,Panipuri,Fastfood,0.0,0.4285714285714286,0.13636363636363635,Cash,Mrs.,Morning
0.2895791583166332,1/27/2023,Frankie,Fastfood,0.75,0.5,0.4318181818181818,Online,Mrs.,Night
0.29058116232464926,1/16/2023,Frankie,Fastfood,0.75,0.07142857142857142,0.09090909090909091,Cash,Mrs.,Midnight
0.2915831663326653,4/21/2022,Panipuri,Fastfood,0.0,0.5,0.1590909090909091,Online,Mrs.,Morning
0.2925851703406813,9/23/2022,Aalopuri,Fastfood,0.0,0.0,0.0,Cash,Mrs.,Evening
0.29358717434869736,7/21/2022,Sandwich,Fastfood,1.0,0.4285714285714286,0.45454545454545453,Cash,Mr.,Midnight
0.2945891783567134,02-06-2023,Panipuri,Fastfood,0.0,0.4285714285714286,0.13636363636363635,Cash,Mrs.,Afternoon
0.2955911823647294,4/30/2022,Sandwich,Fastfood,1.0,0.6428571428571428,0.6590909090909091,Online,Mr.,Evening
0.29659318637274545,7/19/2022,Sugarcane juice,Beverages,0.125,0.5714285714285714,0.23295454545454544,Cash,Mrs.,Afternoon
0.2975951903807615,7/22/2022,Aalopuri,Fastfood,0.0,0.0,0.0,Online,Mrs.,Evening
0.2985971943887775,6/27/2022,Aalopuri,Fastfood,0.0,0.5,0.1590909090909091,Cash,Mr.,Afternoon
0.29959919839679355,1/28/2023,Panipuri,Fastfood,0.0,0.4285714285714286,0.13636363636363635,Cash,Mr.,Night
0.3006012024048096,3/21/2023,Aalopuri,Fastfood,0.0,0.9285714285714286,0.29545454545454547,Cash,Mr.,Night
0.3016032064128256,07-02-2022,Sugarcane juice,Beverages,0.125,0.0,0.00568181818181818,Cash,Mrs.,Midnight
0.30260521042084165,5/28/2022,Vadapav,Fastfood,0.0,1.0,0.3181818181818182,Online,Mr.,Morning
0.3046092184368737,03-03-2023,Cold coffee,Beverages,0.5,0.5,0.34090909090909094,Online,Mrs.,Morning
0.30561122244488975,2/13/2023,Vadapav,Fastfood,0.0,0.5,0.1590909090909091,Cash,Mr.,Evening
0.3066132264529058,12/17/2022,Sandwich,Fastfood,1.0,0.8571428571428571,0.8636363636363636,Online,Mr.,Evening
0.3076152304609218,10/14/2022,Sandwich,Fastfood,1.0,0.5,0.5227272727272727,Online,Mr.,Evening
0.30861723446893785,4/25/2022,Vadapav,Fastfood,0.0,0.21428571428571427,0.06818181818181818,Cash,Mr.,Afternoon
0.3106212424849699,12/28/2022,Cold coffee,Beverages,0.5,0.0,0.022727272727272728,Cash,Mrs.,Night
0.31162324649298595,4/19/2022,Cold coffee,Beverages,0.5,0.0,0.022727272727272728,Cash,Mr.,Midnight
0.312625250501002,2/27/2023,Frankie,Fastfood,0.75,0.5,0.4318181818181818,Online,Mrs.,Morning
0.313627254509018,2/20/2023,Cold coffee,Beverages,0.5,0.8571428571428571,0.5681818181818181,Online,Mrs.,Afternoon
0.31462925851703405,11-02-2022,Frankie,Fastfood,0.75,0.21428571428571427,0.20454545454545453,Online,Mr.,Morning
0.3156312625250501,03-10-2023,Aalopuri,Fastfood,0.0,0.7857142857142857,0.24999999999999997,Online,Mrs.,Afternoon
0.3166332665330661,12/21/2022,Aalopuri,Fastfood,0.0,0.6428571428571428,0.20454545454545453,Online,Mrs.,Midnight
0.31763527054108215,6/30/2022,Frankie,Fastfood,0.75,1.0,0.8295454545454545,Cash,Mr.,Afternoon
0.3186372745490982,3/18/2023,Sugarcane juice,Beverages,0.125,0.4285714285714286,0.17613636363636362,Cash,Mrs.,Afternoon
0.3196392785571142,02-08-2023,Frankie,Fastfood,0.75,0.7857142857142857,0.6590909090909091,Cash,Mrs.,Evening
0.32064128256513025,05-05-2022,Cold coffee,Beverages,0.5,0.7142857142857143,0.4772727272727273,Cash,Mr.,Morning
0.3216432865731463,12/29/2022,Aalopuri,Fastfood,0.0,0.21428571428571427,0.06818181818181818,Cash,Mr.,Morning
0.3226452905811623,7/18/2022,Sugarcane juice,Beverages,0.125,1.0,0.4034090909090909,Online,Mrs.,Night
0.3246492985971944,05-03-2022,Sandwich,Fastfood,1.0,0.5,0.5227272727272727,Cash,Mr.,Evening
0.3256513026052104,11/29/2022,Frankie,Fastfood,0.75,1.0,0.8295454545454545,Cash,Mrs.,Midnight
0.32665330661322645,6/16/2022,Vadapav,Fastfood,0.0,0.14285714285714285,0.04545454545454545,Online,Mr.,Evening
0.3276553106212425,01-10-2023,Panipuri,Fastfood,0.0,0.4285714285714286,0.13636363636363635,Online,Mrs.,Afternoon
0.32965931863727455,8/21/2022,Panipuri,Fastfood,0.0,0.21428571428571427,0.06818181818181818,Online,Mrs.,Evening
0.33166332665330656,10/30/2022,Sugarcane juice,Beverages,0.125,0.7142857142857143,0.2897727272727273,Cash,Mrs.,Afternoon
0.3326653306613226,04-04-2022,Cold coffee,Beverages,0.5,0.21428571428571427,0.1590909090909091,Cash,Mrs.,Evening
0.3336673346693386,10/24/2022,Cold coffee,Beverages,0.5,0.7142857142857143,0.4772727272727273,Cash,Mr.,Night
0.3356713426853707,10/15/2022,Aalopuri,Fastfood,0.0,0.9285714285714286,0.29545454545454547,Online,Mrs.,Midnight
0.3366733466933867,05-06-2022,Sugarcane juice,Beverages,0.125,0.7857142857142857,0.3181818181818182,Cash,Mr.,Morning
0.3386773547094188,06-02-2022,Cold coffee,Beverages,0.5,0.21428571428571427,0.1590909090909091,Cash,Mrs.,Evening
0.3396793587174348,3/19/2023,Frankie,Fastfood,0.75,0.5714285714285714,0.48863636363636365,Cash,Mrs.,Evening
0.34068136272545085,03-11-2023,Vadapav,Fastfood,0.0,0.4285714285714286,0.13636363636363635,Online,Mr.,Afternoon
0.3416833667334669,1/18/2023,Sugarcane juice,Beverages,0.125,0.2857142857142857,0.1193181818181818,Cash,Mr.,Afternoon
0.3426853707414829,5/13/2022,Cold coffee,Beverages,0.5,0.9285714285714286,0.6136363636363636,Cash,Mr.,Night
0.34368737474949895,05-09-2022,Panipuri,Fastfood,0.0,0.9285714285714286,0.29545454545454547,Online,Mrs.,Night
0.344689378757515,1/31/2023,Cold coffee,Beverages,0.5,0.7857142857142857,0.5227272727272727,Cash,Mr.,Morning
0.345691382765531,6/24/2022,Frankie,Fastfood,0.75,0.4285714285714286,0.375,Cash,Mrs.,Afternoon
0.34669338677354705,9/19/2022,Vadapav,Fastfood,0.0,0.0,0.0,Online,Mrs.,Midnight
0.3476953907815631,8/17/2022,Panipuri,Fastfood,0.0,0.2857142857142857,0.09090909090909091,Cash,Mrs.,Evening
0.3486973947895791,9/21/2022,Cold coffee,Beverages,0.5,0.5,0.34090909090909094,Online,Mrs.,Morning
0.34969939879759515,07-08-2022,Frankie,Fastfood,0.75,0.2857142857142857,0.26136363636363635,Online,Mrs.,Night
0.3507014028056112,5/25/2022,Frankie,Fastfood,0.75,0.7142857142857143,0.6022727272727273,Cash,Mrs.,Night
0.3517034068136272,5/18/2022,Vadapav,Fastfood,0.0,0.21428571428571427,0.06818181818181818,Online,Mrs.,Midnight
0.35270541082164325,1/16/2023,Panipuri,Fastfood,0.0,0.9285714285714286,0.29545454545454547,Online,Mr.,Midnight
0.3537074148296593,3/15/2023,Cold coffee,Beverages,0.5,0.21428571428571427,0.1590909090909091,Online,Mr.,Midnight
0.3547094188376753,5/26/2022,Sugarcane juice,Beverages,0.125,0.9285714285714286,0.375,Cash,Mrs.,Night
0.35571142284569135,9/21/2022,Sandwich,Fastfood,1.0,0.5714285714285714,0.5909090909090909,Online,Mrs.,Afternoon
0.3567134268537074,10/27/2022,Aalopuri,Fastfood,0.0,0.3571428571428571,0.11363636363636362,Cash,Mr.,Night
0.3577154308617234,8/27/2022,Aalopuri,Fastfood,0.0,0.8571428571428571,0.2727272727272727,Online,Mrs.,Night
0.35871743486973945,10-06-2022,Cold coffee,Beverages,0.5,0.07142857142857142,0.06818181818181818,Online,Mrs.,Midnight
0.3607214428857715,12/30/2022,Sugarcane juice,Beverages,0.125,0.07142857142857142,0.03409090909090909,Cash,Mr.,Morning
0.36172344689378755,05-09-2022,Frankie,Fastfood,0.75,0.5714285714285714,0.48863636363636365,Online,Mr.,Afternoon
0.3627254509018036,10-11-2022,Cold coffee,Beverages,0.5,0.07142857142857142,0.06818181818181818,Online,Mr.,Night
0.3637274549098196,07-08-2022,Panipuri,Fastfood,0.0,0.6428571428571428,0.20454545454545453,Online,Mr.,Night
0.36472945891783565,11/30/2022,Sugarcane juice,Beverages,0.125,0.6428571428571428,0.26136363636363635,Online,Mrs.,Afternoon
0.3667334669338677,8/31/2022,Cold coffee,Beverages,0.5,0.07142857142857142,0.06818181818181818,Cash,Mr.,Night
0.36773547094188375,07-03-2022,Sandwich,Fastfood,1.0,0.07142857142857142,0.11363636363636362,Online,Mrs.,Evening
0.3697394789579158,10/18/2022,Vadapav,Fastfood,0.0,0.2857142857142857,0.09090909090909091,Online,Mrs.,Night
0.3717434869739479,05-08-2022,Sugarcane juice,Beverages,0.125,0.7857142857142857,0.3181818181818182,Cash,Mrs.,Midnight
0.3727454909819639,7/24/2022,Frankie,Fastfood,0.75,0.6428571428571428,0.5454545454545454,Online,Mr.,Midnight
0.37374749498997994,11/17/2022,Panipuri,Fastfood,0.0,0.8571428571428571,0.2727272727272727,Cash,Mr.,Evening
0.374749498997996,12-04-2022,Frankie,Fastfood,0.75,1.0,0.8295454545454545,Cash,Mr.,Midnight
0.375751503006012,5/20/2022,Sugarcane juice,Beverages,0.125,0.14285714285714285,0.06249999999999999,Online,Mrs.,Evening
0.37675350701402804,4/24/2022,Vadapav,Fastfood,0.0,0.07142857142857142,0.022727272727272728,Cash,Mrs.,Midnight
0.3787575150300601,10/20/2022,Sandwich,Fastfood,1.0,0.2857142857142857,0.3181818181818182,Online,Mrs.,Afternoon
0.37975951903807614,2/26/2023,Vadapav,Fastfood,0.0,0.0,0.0,Online,Mr.,Morning
0.3807615230460922,8/16/2022,Cold coffee,Beverages,0.5,0.5714285714285714,0.38636363636363635,Cash,Mrs.,Night
0.3817635270541082,05-06-2022,Aalopuri,Fastfood,0.0,0.4285714285714286,0.13636363636363635,Online,Mrs.,Morning
0.3827655310621242,10/22/2022,Sugarcane juice,Beverages,0.125,0.0,0.00568181818181818,Online,Mr.,Afternoon
0.3837675350701402,4/25/2022,Vadapav,Fastfood,0.0,0.2857142857142857,0.09090909090909091,Cash,Mr.,Morning
0.38476953907815625,11/23/2022,Frankie,Fastfood,0.75,0.2857142857142857,0.26136363636363635,Online,Mr.,Midnight
0.3857715430861723,3/17/2023,Sugarcane juice,Beverages,0.125,0.9285714285714286,0.375,Cash,Mrs.,Midnight
0.3867735470941883,10-09-2022,Sandwich,Fastfood,1.0,0.9285714285714286,0.9318181818181818,Cash,Mr.,Evening
0.38777555110220435,12/22/2022,Sandwich,Fastfood,1.0,0.7857142857142857,0.7954545454545454,Cash,Mrs.,Evening
0.3897795591182364,4/21/2022,Aalopuri,Fastfood,0.0,0.0,0.0,Online,Mrs.,Night
0.39078156312625245,9/18/2022,Aalopuri,Fastfood,0.0,1.0,0.3181818181818182,Online,Mr.,Night
0.3917835671342685,07-02-2022,Sugarcane juice,Beverages,0.125,0.6428571428571428,0.26136363636363635,Online,Mrs.,Evening
0.3927855711422845,04-03-2022,Sandwich,Fastfood,1.0,0.0,0.04545454545454545,Cash,Mrs.,Morning
0.39378757515030055,1/31/2023,Sandwich,Fastfood,1.0,0.14285714285714285,0.1818181818181818,Cash,Mrs.,Evening
0.3947895791583166,10/31/2022,Frankie,Fastfood,0.75,1.0,0.8295454545454545,Online,Mr.,Morning
0.3957915831663326,07-06-2022,Aalopuri,Fastfood,0.0,0.07142857142857142,0.022727272727272728,Online,Mrs.,Afternoon
0.39679358717434865,1/13/2023,Panipuri,Fastfood,0.0,0.3571428571428571,0.11363636363636362,Online,Mr.,Evening
0.3977955911823647,6/24/2022,Panipuri,Fastfood,0.0,0.5714285714285714,0.1818181818181818,Cash,Mrs.,Evening
0.3987975951903807,03-04-2023,Cold coffee,Beverages,0.5,1.0,0.6590909090909091,Cash,Mrs.,Morning
0.39979959919839675,10-11-2022,Sugarcane juice,Beverages,0.125,0.5,0.20454545454545453,Online,Mrs.,Midnight
0.4008016032064128,3/19/2023,Frankie,Fastfood,0.75,0.4285714285714286,0.375,Cash,Mr.,Night
0.4018036072144288,9/25/2022,Cold coffee,Beverages,0.5,0.14285714285714285,0.11363636363636362,Online,Mrs.,Midnight
0.40280561122244485,11/26/2022,Frankie,Fastfood,0.75,0.4285714285714286,0.375,Cash,Mrs.,Midnight
0.4038076152304609,12/13/2022,Sugarcane juice,Beverages,0.125,0.6428571428571428,0.26136363636363635,Cash,Mr.,Night
0.4048096192384769,10/13/2022,Cold coffee,Beverages,0.5,0.21428571428571427,0.1590909090909091,Online,Mrs.,Afternoon
0.40581162324649295,01-02-2023,Sugarcane juice,Beverages,0.125,0.07142857142857142,0.03409090909090909,Cash,Mr.,Evening
0.406813627254509,10-05-2022,Vadapav,Fastfood,0.0,0.21428571428571427,0.06818181818181818,Online,Mr.,Midnight
0.407815631262525,9/15/2022,Aalopuri,Fastfood,0.0,0.5714285714285714,0.1818181818181818,Cash,Mrs.,Morning
0.40881763527054105,11/23/2022,Aalopuri,Fastfood,0.0,1.0,0.3181818181818182,Online,Mr.,Afternoon
0.4098196392785571,11/20/2022,Panipuri,Fastfood,0.0,0.7857142857142857,0.24999999999999997,Cash,Mr.,Afternoon
0.41182364729458915,04-03-2022,Aalopuri,Fastfood,0.0,0.6428571428571428,0.20454545454545453,Online,Mrs.,Midnight
0.4138276553106212,12-05-2022,Vadapav,Fastfood,0.0,0.5,0.1590909090909091,Online,Mr.,Evening
0.4158316633266533,1/16/2023,Panipuri,Fastfood,0.0,0.14285714285714285,0.04545454545454545,Cash,Mr.,Evening
0.4168336673346693,11-12-2022,Cold coffee,Beverages,0.5,0.4285714285714286,0.29545454545454547,Online,Mr.,Night
0.4188376753507014,1/30/2023,Frankie,Fastfood,0.75,0.8571428571428571,0.7159090909090909,Online,Mrs.,Evening
0.4198396793587174,3/24/2023,Cold coffee,Beverages,0.5,0.07142857142857142,0.06818181818181818,Online,Mr.,Midnight
0.42084168336673344,08-02-2022,Cold coffee,Beverages,0.5,0.4285714285714286,0.29545454545454547,Online,Mr.,Evening
0.4218436873747495,10/21/2022,Frankie,Fastfood,0.75,0.4285714285714286,0.375,Cash,Mrs.,Night
0.4228456913827655,4/21/2022,Sugarcane juice,Beverages,0.125,0.5714285714285714,0.23295454545454544,Online,Mrs.,Midnight
0.42384769539078154,8/17/2022,Panipuri,Fastfood,0.0,0.9285714285714286,0.29545454545454547,Online,Mr.,Afternoon
0.4248496993987976,1/20/2023,Frankie,Fastfood,0.75,0.9285714285714286,0.7727272727272727,Cash,Mr.,Midnight
0.4258517034068136,5/21/2022,Sandwich,Fastfood,1.0,0.07142857142857142,0.11363636363636362,Online,Mr.,Afternoon
0.42685370741482964,12/24/2022,Sugarcane juice,Beverages,0.125,0.5,0.20454545454545453,Online,Mr.,Afternoon
0.4278557114228457,9/19/2022,Cold coffee,Beverages,0.5,0.14285714285714285,0.11363636363636362,Online,Mr.,Night
0.4288577154308617,11-05-2022,Sandwich,Fastfood,1.0,0.21428571428571427,0.24999999999999997,Online,Mr.,Night
0.42985971943887774,3/16/2023,Panipuri,Fastfood,0.0,0.3571428571428571,0.11363636363636362,Online,Mr.,Evening
0.4308617234468938,3/27/2023,Panipuri,Fastfood,0.0,0.3571428571428571,0.11363636363636362,Online,Mr.,Afternoon
0.4318637274549098,5/27/2022,Panipuri,Fastfood,0.0,0.9285714285714286,0.29545454545454547,Online,Mrs.,Evening
0.43286573146292584,8/21/2022,Aalopuri,Fastfood,0.0,0.7857142857142857,0.24999999999999997,Cash,Mr.,Morning
0.4338677354709419,05-08-2022,Sandwich,Fastfood,1.0,0.0,0.04545454545454545,Cash,Mrs.,Afternoon
0.43486973947895785,01-05-2023,Frankie,Fastfood,0.75,0.6428571428571428,0.5454545454545454,Cash,Mr.,Midnight
0.4368737474949899,6/20/2022,Cold coffee,Beverages,0.5,0.2857142857142857,0.20454545454545453,Online,Mr.,Morning
0.43787575150300595,9/30/2022,Frankie,Fastfood,0.75,0.8571428571428571,0.7159090909090909,Online,Mr.,Afternoon
0.438877755511022,11/28/2022,Aalopuri,Fastfood,0.0,0.4285714285714286,0.13636363636363635,Cash,Mr.,Afternoon
0.439879759519038,11-02-2022,Aalopuri,Fastfood,0.0,0.0,0.0,Online,Mrs.,Midnight
0.44088176352705405,8/22/2022,Sugarcane juice,Beverages,0.125,0.4285714285714286,0.17613636363636362,Online,Mrs.,Night
0.4418837675350701,09-05-2022,Sugarcane juice,Beverages,0.125,0.7857142857142857,0.3181818181818182,Cash,Mrs.,Night
0.44388777555110215,10/22/2022,Sandwich,Fastfood,1.0,0.9285714285714286,0.9318181818181818,Online,Mrs.,Morning
0.4448897795591182,8/31/2022,Cold coffee,Beverages,0.5,0.5714285714285714,0.38636363636363635,Cash,Mr.,Night
0.4458917835671342,1/17/2023,Frankie,Fastfood,0.75,0.3571428571428571,0.3181818181818182,Online,Mrs.,Afternoon
0.44689378757515025,7/27/2022,Vadapav,Fastfood,0.0,0.3571428571428571,0.11363636363636362,Cash,Mrs.,Evening
0.4478957915831663,09-09-2022,Frankie,Fastfood,0.75,0.21428571428571427,0.20454545454545453,Cash,Mr.,Afternoon
0.4488977955911823,5/20/2022,Sugarcane juice,Beverages,0.125,0.0,0.00568181818181818,Online,Mr.,Morning
0.44989979959919835,3/15/2023,Sugarcane juice,Beverages,0.125,0.6428571428571428,0.26136363636363635,Cash,Mrs.,Midnight
0.4509018036072144,12/25/2022,Frankie,Fastfood,0.75,0.2857142857142857,0.26136363636363635,Online,Mr.,Afternoon
0.4519038076152304,10/20/2022,Sandwich,Fastfood,1.0,0.0,0.04545454545454545,Online,Mrs.,Midnight
0.45290581162324645,03-07-2023,Sandwich,Fastfood,1.0,0.0,0.04545454545454545,Online,Mrs.,Evening
0.4539078156312625,03-01-2023,Cold coffee,Beverages,0.5,0.7142857142857143,0.4772727272727273,Cash,Mr.,Midnight
0.45591182364729455,10/16/2022,Cold coffee,Beverages,0.5,0.7142857142857143,0.4772727272727273,Cash,Mr.,Evening
0.4569138276553106,09-12-2022,Sugarcane juice,Beverages,0.125,0.5,0.20454545454545453,Cash,Mrs.,Midnight
0.4579158316633266,06-08-2022,Vadapav,Fastfood,0.0,0.9285714285714286,0.29545454545454547,Cash,Mr.,Night
0.45891783567134264,11/20/2022,Aalopuri,Fastfood,0.0,0.07142857142857142,0.022727272727272728,Cash,Mr.,Morning
0.4599198396793587,7/22/2022,Sugarcane juice,Beverages,0.125,0.2857142857142857,0.1193181818181818,Cash,Mr.,Midnight
0.4609218436873747,4/24/2022,Vadapav,Fastfood,0.0,0.14285714285714285,0.04545454545454545,Cash,Mr.,Morning
0.46192384769539074,06-11-2022,Sandwich,Fastfood,1.0,0.3571428571428571,0.38636363636363635,Online,Mr.,Midnight
0.4629258517034068,10/18/2022,Sugarcane juice,Beverages,0.125,0.8571428571428571,0.3465909090909091,Cash,Mr.,Morning
0.4639278557114228,1/15/2023,Sugarcane juice,Beverages,0.125,0.7857142857142857,0.3181818181818182,Online,Mr.,Evening
0.46492985971943884,01-11-2023,Panipuri,Fastfood,0.0,0.3571428571428571,0.11363636363636362,Cash,Mr.,Evening
0.4659318637274549,10/17/2022,Aalopuri,Fastfood,0.0,0.7142857142857143,0.22727272727272727,Online,Mr.,Morning
0.4669338677354709,09-08-2022,Panipuri,Fastfood,0.0,0.07142857142857142,0.022727272727272728,Cash,Mr.,Evening
0.46793587174348694,5/15/2022,Sandwich,Fastfood,1.0,0.4285714285714286,0.45454545454545453,Online,Mrs.,Morning
0.468937875751503,9/29/2022,Vadapav,Fastfood,0.0,0.5,0.1590909090909091,Cash,Mrs.,Morning
0.469939879759519,2/13/2023,Panipuri,Fastfood,0.0,0.4285714285714286,0.13636363636363635,Cash,Mrs.,Afternoon
0.4719438877755511,09-04-2022,Sandwich,Fastfood,1.0,0.2857142857142857,0.3181818181818182,Cash,Mrs.,Evening
0.4729458917835671,8/28/2022,Sugarcane juice,Beverages,0.125,1.0,0.4034090909090909,Cash,Mrs.,Night
0.47394789579158314,2/24/2023,Cold coffee,Beverages,0.5,0.3571428571428571,0.24999999999999997,Cash,Mrs.,Night
0.4749498997995992,02-02-2023,Aalopuri,Fastfood,0.0,0.6428571428571428,0.20454545454545453,Cash,Mr.,Morning
0.4759519038076152,2/13/2023,Sandwich,Fastfood,1.0,1.0,1.0,Cash,Mrs.,Midnight
0.47695390781563124,12/27/2022,Sugarcane juice,Beverages,0.125,0.5714285714285714,0.23295454545454544,Cash,Mrs.,Afternoon
0.4779559118236473,2/13/2023,Sandwich,Fastfood,1.0,0.7142857142857143,0.7272727272727273,Cash,Mrs.,Afternoon
0.4789579158316633,10-02-2022,Vadapav,Fastfood,0.0,0.7857142857142857,0.24999999999999997,Cash,Mr.,Evening
0.47995991983967934,10/29/2022,Sugarcane juice,Beverages,0.125,0.21428571428571427,0.09090909090909091,Cash,Mr.,Evening
0.48096192384769537,1/31/2023,Aalopuri,Fastfood,0.0,0.0,0.0,Online,Mr.,Afternoon
0.4819639278557114,4/27/2022,Panipuri,Fastfood,0.0,0.5714285714285714,0.1818181818181818,Cash,Mrs.,Morning
0.48296593186372744,3/21/2023,Cold coffee,Beverages,0.5,0.2857142857142857,0.20454545454545453,Cash,Mrs.,Afternoon
0.48396793587174347,2/26/2023,Aalopuri,Fastfood,0.0,0.3571428571428571,0.11363636363636362,Cash,Mrs.,Midnight
0.4849699398797595,2/14/2023,Vadapav,Fastfood,0.0,0.3571428571428571,0.11363636363636362,Cash,Mrs.,Midnight
0.4859719438877755,5/27/2022,Sandwich,Fastfood,1.0,0.5714285714285714,0.5909090909090909,Cash,Mrs.,Midnight
0.4869739478957915,9/21/2022,Cold coffee,Beverages,0.5,0.6428571428571428,0.4318181818181818,Cash,Mr.,Midnight
0.48797595190380755,02-03-2023,Frankie,Fastfood,0.75,0.8571428571428571,0.7159090909090909,Online,Mrs.,Evening
0.4889779559118236,12/26/2022,Cold coffee,Beverages,0.5,0.5,0.34090909090909094,Cash,Mr.,Morning
0.4899799599198396,5/31/2022,Vadapav,Fastfood,0.0,0.07142857142857142,0.022727272727272728,Online,Mrs.,Midnight
0.49098196392785565,07-11-2022,Sandwich,Fastfood,1.0,1.0,1.0,Cash,Mr.,Afternoon
0.4919839679358717,10-02-2022,Cold coffee,Beverages,0.5,0.07142857142857142,0.06818181818181818,Online,Mr.,Morning
0.4929859719438877,1/14/2023,Cold coffee,Beverages,0.5,0.6428571428571428,0.4318181818181818,Cash,Mrs.,Night
0.49398797595190375,10/20/2022,Aalopuri,Fastfood,0.0,0.8571428571428571,0.2727272727272727,Online,Mrs.,Midnight
0.4949899799599198,11-07-2022,Cold coffee,Beverages,0.5,0.6428571428571428,0.4318181818181818,Online,Mrs.,Night
0.4959919839679358,1/25/2023,Sandwich,Fastfood,1.0,0.4285714285714286,0.45454545454545453,Cash,Mr.,Midnight
0.49699398797595185,6/16/2022,Frankie,Fastfood,0.75,0.0,0.03409090909090909,Cash,Mr.,Midnight
0.4979959919839679,7/27/2022,Sandwich,Fastfood,1.0,0.5,0.5227272727272727,Online,Mrs.,Evening
0.4989979959919839,04-08-2022,Vadapav,Fastfood,0.0,0.21428571428571427,0.06818181818181818,Online,Mrs.,Midnight
0.5,08-09-2022,Sugarcane juice,Beverages,0.125,0.9285714285714286,0.375,Online,Mrs.,Afternoon
0.501002004008016,01-04-2023,Panipuri,Fastfood,0.0,0.8571428571428571,0.2727272727272727,Online,Mr.,Night
0.5020040080160321,11-04-2022,Aalopuri,Fastfood,0.0,0.8571428571428571,0.2727272727272727,Cash,Mrs.,Morning
0.503006012024048,12-09-2022,Cold coffee,Beverages,0.5,0.5,0.34090909090909094,Cash,Mr.,Evening
0.5040080160320641,02-12-2023,Frankie,Fastfood,0.75,0.21428571428571427,0.20454545454545453,Cash,Mr.,Night
0.5050100200400801,12/26/2022,Cold coffee,Beverages,0.5,0.7857142857142857,0.5227272727272727,Cash,Mrs.,Midnight
0.5060120240480962,12/14/2022,Aalopuri,Fastfood,0.0,0.9285714285714286,0.29545454545454547,Online,Mrs.,Morning
0.5070140280561122,12-10-2022,Sandwich,Fastfood,1.0,0.0,0.04545454545454545,Cash,Mr.,Night
0.5080160320641283,10/26/2022,Vadapav,Fastfood,0.0,0.7142857142857143,0.22727272727272727,Online,Mr.,Evening
0.5090180360721442,04-04-2022,Sandwich,Fastfood,1.0,0.9285714285714286,0.9318181818181818,Online,Mr.,Afternoon
0.5100200400801603,08-02-2022,Panipuri,Fastfood,0.0,0.21428571428571427,0.06818181818181818,Cash,Mrs.,Night
0.5110220440881763,01-11-2023,Panipuri,Fastfood,0.0,0.14285714285714285,0.04545454545454545,Cash,Mrs.,Afternoon
0.5120240480961923,7/16/2022,Cold coffee,Beverages,0.5,0.2857142857142857,0.20454545454545453,Cash,Mrs.,Night
0.5130260521042084,8/24/2022,Cold coffee,Beverages,0.5,0.5,0.34090909090909094,Online,Mrs.,Evening
0.5150300601202404,9/22/2022,Sugarcane juice,Beverages,0.125,0.7857142857142857,0.3181818181818182,Online,Mrs.,Midnight
0.5160320641282564,07-02-2022,Panipuri,Fastfood,0.0,0.8571428571428571,0.2727272727272727,Online,Mr.,Evening
0.5170340681362725,12-09-2022,Aalopuri,Fastfood,0.0,0.3571428571428571,0.11363636363636362,Cash,Mrs.,Morning
0.5180360721442885,11/25/2022,Cold coffee,Beverages,0.5,0.6428571428571428,0.4318181818181818,Cash,Mr.,Morning
0.5190380761523046,04-03-2022,Panipuri,Fastfood,0.0,0.7142857142857143,0.22727272727272727,Online,Mrs.,Night
0.5200400801603206,1/27/2023,Panipuri,Fastfood,0.0,0.9285714285714286,0.29545454545454547,Online,Mr.,Morning
0.5210420841683366,12/29/2022,Panipuri,Fastfood,0.0,0.8571428571428571,0.2727272727272727,Cash,Mrs.,Midnight
0.5220440881763526,11-03-2022,Frankie,Fastfood,0.75,0.3571428571428571,0.3181818181818182,Cash,Mr.,Afternoon
0.5230460921843687,05-01-2022,Aalopuri,Fastfood,0.0,0.8571428571428571,0.2727272727272727,Online,Mr.,Afternoon
0.5240480961923847,05-04-2022,Vadapav,Fastfood,0.0,0.14285714285714285,0.04545454545454545,Cash,Mr.,Midnight
0.5250501002004008,07-04-2022,Sandwich,Fastfood,1.0,0.6428571428571428,0.6590909090909091,Cash,Mrs.,Evening
0.5260521042084167,01-06-2023,Sugarcane juice,Beverages,0.125,0.3571428571428571,0.1477272727272727,Cash,Mrs.,Afternoon
0.5270541082164328,07-01-2022,Sugarcane juice,Beverages,0.125,0.4285714285714286,0.17613636363636362,Cash,Mrs.,Midnight
0.5290581162324649,7/27/2022,Panipuri,Fastfood,0.0,0.3571428571428571,0.11363636363636362,Cash,Mrs.,Night
0.5300601202404809,10-04-2022,Cold coffee,Beverages,0.5,0.6428571428571428,0.4318181818181818,Cash,Mr.,Night
0.531062124248497,3/27/2023,Panipuri,Fastfood,0.0,0.8571428571428571,0.2727272727272727,Online,Mrs.,Midnight
0.533066132264529,5/16/2022,Vadapav,Fastfood,0.0,0.07142857142857142,0.022727272727272728,Online,Mrs.,Night
0.534068136272545,09-05-2022,Sandwich,Fastfood,1.0,0.21428571428571427,0.24999999999999997,Online,Mr.,Midnight
0.5350701402805611,03-01-2023,Sugarcane juice,Beverages,0.125,0.4285714285714286,0.17613636363636362,Cash,Mrs.,Evening
0.5360721442885771,1/25/2023,Panipuri,Fastfood,0.0,0.14285714285714285,0.04545454545454545,Cash,Mr.,Evening
0.5370741482965932,06-05-2022,Panipuri,Fastfood,0.0,0.4285714285714286,0.13636363636363635,Online,Mr.,Morning
0.5380761523046091,09-07-2022,Panipuri,Fastfood,0.0,0.14285714285714285,0.04545454545454545,Online,Mr.,Evening
0.5390781563126252,5/27/2022,Vadapav,Fastfood,0.0,0.8571428571428571,0.2727272727272727,Cash,Mr.,Afternoon
0.5400801603206412,7/30/2022,Panipuri,Fastfood,0.0,0.7857142857142857,0.24999999999999997,Cash,Mr.,Night
0.5410821643286573,08-04-2022,Sugarcane juice,Beverages,0.125,0.5714285714285714,0.23295454545454544,Cash,Mr.,Evening
0.5420841683366733,04-10-2022,Aalopuri,Fastfood,0.0,1.0,0.3181818181818182,Cash,Mrs.,Evening
0.5430861723446894,12/14/2022,Sandwich,Fastfood,1.0,1.0,1.0,Online,Mrs.,Morning
0.5440881763527053,01-01-2023,Sandwich,Fastfood,1.0,0.8571428571428571,0.8636363636363636,Online,Mrs.,Midnight
0.5450901803607214,07-09-2022,Aalopuri,Fastfood,0.0,0.0,0.0,Cash,Mrs.,Midnight
0.5460921843687374,5/14/2022,Cold coffee,Beverages,0.5,0.6428571428571428,0.4318181818181818,Online,Mr.,Morning
0.5470941883767535,3/29/2023,Cold coffee,Beverages,0.5,0.9285714285714286,0.6136363636363636,Cash,Mr.,Afternoon
0.5480961923847695,4/15/2022,Sugarcane juice,Beverages,0.125,0.14285714285714285,0.06249999999999999,Online,Mr.,Afternoon
0.5490981963927856,11/15/2022,Cold coffee,Beverages,0.5,1.0,0.6590909090909091,Online,Mr.,Afternoon
0.5501002004008015,7/30/2022,Sugarcane juice,Beverages,0.125,0.4285714285714286,0.17613636363636362,Cash,Mr.,Evening
0.5511022044088176,09-12-2022,Sugarcane juice,Beverages,0.125,1.0,0.4034090909090909,Cash,Mrs.,Midnight
0.5521042084168336,11-11-2022,Panipuri,Fastfood,0.0,0.9285714285714286,0.29545454545454547,Cash,Mr.,Evening
0.5531062124248497,03-09-2023,Panipuri,Fastfood,0.0,0.21428571428571427,0.06818181818181818,Cash,Mrs.,Afternoon
0.5541082164328657,4/16/2022,Sandwich,Fastfood,1.0,0.3571428571428571,0.38636363636363635,Cash,Mrs.,Evening
0.5551102204408818,2/27/2023,Vadapav,Fastfood,0.0,0.5714285714285714,0.1818181818181818,Cash,Mrs.,Night
0.5561122244488977,6/30/2022,Sandwich,Fastfood,1.0,0.07142857142857142,0.11363636363636362,Cash,Mrs.,Evening
0.5571142284569138,10-01-2022,Panipuri,Fastfood,0.0,0.2857142857142857,0.09090909090909091,Online,Mr.,Morning
0.5581162324649298,8/31/2022,Cold coffee,Beverages,0.5,0.2857142857142857,0.20454545454545453,Online,Mrs.,Night
0.5591182364729459,12-10-2022,Sugarcane juice,Beverages,0.125,0.0,0.00568181818181818,Cash,Mr.,Evening
0.5601202404809619,6/13/2022,Panipuri,Fastfood,0.0,0.0,0.0,Cash,Mrs.,Midnight
0.561122244488978,08-09-2022,Frankie,Fastfood,0.75,0.21428571428571427,0.20454545454545453,Cash,Mr.,Afternoon
0.5621242484969939,10/13/2022,Frankie,Fastfood,0.75,0.4285714285714286,0.375,Online,Mrs.,Evening
0.564128256513026,9/27/2022,Panipuri,Fastfood,0.0,1.0,0.3181818181818182,Cash,Mr.,Evening
0.565130260521042,7/19/2022,Frankie,Fastfood,0.75,0.14285714285714285,0.1477272727272727,Cash,Mr.,Evening
0.5661322645290581,10/16/2022,Cold coffee,Beverages,0.5,0.4285714285714286,0.29545454545454547,Online,Mrs.,Afternoon
0.5681362725450901,01-02-2023,Cold coffee,Beverages,0.5,1.0,0.6590909090909091,Online,Mrs.,Midnight
0.5691382765531061,9/15/2022,Sugarcane juice,Beverages,0.125,0.21428571428571427,0.09090909090909091,Cash,Mr.,Morning
0.5701402805611222,11/28/2022,Sugarcane juice,Beverages,0.125,0.0,0.00568181818181818,Cash,Mrs.,Evening
0.5711422845691382,04-02-2022,Sandwich,Fastfood,1.0,1.0,1.0,Cash,Mr.,Afternoon
0.5721442885771543,09-07-2022,Frankie,Fastfood,0.75,0.07142857142857142,0.09090909090909091,Cash,Mr.,Afternoon
0.5731462925851702,10/22/2022,Aalopuri,Fastfood,0.0,0.0,0.0,Cash,Mrs.,Night
0.5741482965931863,12/24/2022,Vadapav,Fastfood,0.0,0.0,0.0,Online,Mrs.,Midnight
0.5751503006012023,3/23/2023,Panipuri,Fastfood,0.0,0.7857142857142857,0.24999999999999997,Cash,Mrs.,Afternoon
0.5761523046092184,09-06-2022,Cold coffee,Beverages,0.5,0.4285714285714286,0.29545454545454547,Cash,Mr.,Evening
0.5771543086172344,6/30/2022,Frankie,Fastfood,0.75,0.2857142857142857,0.26136363636363635,Online,Mrs.,Night
0.5781563126252505,4/27/2022,Panipuri,Fastfood,0.0,0.07142857142857142,0.022727272727272728,Cash,Mr.,Evening
0.5791583166332664,07-01-2022,Panipuri,Fastfood,0.0,0.6428571428571428,0.20454545454545453,Online,Mr.,Night
0.5801603206412825,4/23/2022,Sugarcane juice,Beverages,0.125,0.8571428571428571,0.3465909090909091,Cash,Mr.,Afternoon
0.5811623246492985,05-12-2022,Aalopuri,Fastfood,0.0,0.8571428571428571,0.2727272727272727,Cash,Mr.,Morning
0.5821643286573146,5/31/2022,Frankie,Fastfood,0.75,0.5,0.4318181818181818,Cash,Mr.,Night
0.5831663326653306,12-04-2022,Cold coffee,Beverages,0.5,1.0,0.6590909090909091,Cash,Mr.,Morning
0.5841683366733467,03-05-2023,Vadapav,Fastfood,0.0,0.7142857142857143,0.22727272727272727,Cash,Mrs.,Morning
0.5851703406813626,5/22/2022,Sandwich,Fastfood,1.0,1.0,1.0,Online,Mr.,Night
0.5861723446893787,04-09-2022,Aalopuri,Fastfood,0.0,0.6428571428571428,0.20454545454545453,Cash,Mrs.,Night
0.5871743486973947,6/16/2022,Frankie,Fastfood,0.75,0.7142857142857143,0.6022727272727273,Cash,Mrs.,Morning
0.5881763527054108,8/25/2022,Cold coffee,Beverages,0.5,0.2857142857142857,0.20454545454545453,Cash,Mr.,Night
0.5891783567134268,3/27/2023,Panipuri,Fastfood,0.0,1.0,0.3181818181818182,Online,Mr.,Midnight
0.5901803607214429,10-01-2022,Sandwich,Fastfood,1.0,0.8571428571428571,0.8636363636363636,Cash,Mrs.,Morning
0.5911823647294588,12-04-2022,Sugarcane juice,Beverages,0.125,0.4285714285714286,0.17613636363636362,Cash,Mr.,Morning
0.5921843687374749,2/16/2023,Sugarcane juice,Beverages,0.125,0.5714285714285714,0.23295454545454544,Cash,Mrs.,Evening
0.5931863727454909,1/20/2023,Frankie,Fastfood,0.75,0.3571428571428571,0.3181818181818182,Cash,Mrs.,Morning
0.594188376753507,2/22/2023,Frankie,Fastfood,0.75,0.5714285714285714,0.48863636363636365,Online,Mr.,Afternoon
0.595190380761523,4/26/2022,Cold coffee,Beverages,0.5,0.0,0.022727272727272728,Online,Mrs.,Night
0.5961923847695391,11/30/2022,Panipuri,Fastfood,0.0,0.6428571428571428,0.20454545454545453,Online,Mr.,Midnight
0.597194388777555,08-02-2022,Cold coffee,Beverages,0.5,0.5,0.34090909090909094,Cash,Mrs.,Afternoon
0.5981963927855711,10-03-2022,Frankie,Fastfood,0.75,0.8571428571428571,0.7159090909090909,Cash,Mr.,Morning
0.5991983967935871,12/24/2022,Panipuri,Fastfood,0.0,0.3571428571428571,0.11363636363636362,Cash,Mrs.,Morning
0.6002004008016032,11-01-2022,Aalopuri,Fastfood,0.0,0.7857142857142857,0.24999999999999997,Online,Mr.,Morning
0.6012024048096192,8/27/2022,Aalopuri,Fastfood,0.0,0.6428571428571428,0.20454545454545453,Cash,Mr.,Night
0.6022044088176353,8/31/2022,Vadapav,Fastfood,0.0,0.6428571428571428,0.20454545454545453,Cash,Mrs.,Afternoon
0.6032064128256512,09-08-2022,Frankie,Fastfood,0.75,0.6428571428571428,0.5454545454545454,Cash,Mrs.,Night
0.6052104208416833,04-09-2022,Cold coffee,Beverages,0.5,0.3571428571428571,0.24999999999999997,Cash,Mrs.,Night
0.6062124248496994,12/15/2022,Vadapav,Fastfood,0.0,0.5714285714285714,0.1818181818181818,Cash,Mrs.,Afternoon
0.6072144288577154,2/28/2023,Aalopuri,Fastfood,0.0,0.0,0.0,Online,Mr.,Midnight
0.6092184368737474,05-08-2022,Frankie,Fastfood,0.75,0.8571428571428571,0.7159090909090909,Online,Mrs.,Evening
0.6102204408817635,6/25/2022,Aalopuri,Fastfood,0.0,0.07142857142857142,0.022727272727272728,Online,Mrs.,Morning
0.6112224448897795,02-06-2023,Aalopuri,Fastfood,0.0,0.14285714285714285,0.04545454545454545,Online,Mr.,Midnight
0.6122244488977956,06-10-2022,Vadapav,Fastfood,0.0,0.2857142857142857,0.09090909090909091,Online,Mrs.,Night
0.6152304609218436,7/15/2022,Vadapav,Fastfood,0.0,0.3571428571428571,0.11363636363636362,Online,Mrs.,Midnight
0.6162324649298596,6/28/2022,Sugarcane juice,Beverages,0.125,0.07142857142857142,0.03409090909090909,Cash,Mr.,Night
0.6172344689378757,04-08-2022,Frankie,Fastfood,0.75,0.0,0.03409090909090909,Online,Mr.,Evening
0.6182364729458917,09-09-2022,Sugarcane juice,Beverages,0.125,0.21428571428571427,0.09090909090909091,Cash,Mrs.,Morning
0.6192384769539078,9/14/2022,Panipuri,Fastfood,0.0,0.7857142857142857,0.24999999999999997,Online,Mrs.,Evening
0.6202404809619237,2/13/2023,Aalopuri,Fastfood,0.0,0.07142857142857142,0.022727272727272728,Online,Mrs.,Evening
0.6212424849699398,12/14/2022,Panipuri,Fastfood,0.0,0.8571428571428571,0.2727272727272727,Online,Mr.,Afternoon
0.6222444889779558,04-02-2022,Cold coffee,Beverages,0.5,1.0,0.6590909090909091,Cash,Mr.,Midnight
0.6232464929859719,03-08-2023,Sandwich,Fastfood,1.0,0.5714285714285714,0.5909090909090909,Cash,Mrs.,Morning
0.6242484969939879,6/17/2022,Sandwich,Fastfood,1.0,1.0,1.0,Online,Mr.,Morning
0.625250501002004,02-01-2023,Cold coffee,Beverages,0.5,1.0,0.6590909090909091,Cash,Mr.,Night
0.6262525050100199,6/22/2022,Sugarcane juice,Beverages,0.125,1.0,0.4034090909090909,Online,Mr.,Afternoon
0.628256513026052,1/20/2023,Sugarcane juice,Beverages,0.125,0.5714285714285714,0.23295454545454544,Cash,Mrs.,Evening
0.6302605210420841,07-01-2022,Cold coffee,Beverages,0.5,0.8571428571428571,0.5681818181818181,Cash,Mrs.,Evening
0.6312625250501002,10/28/2022,Panipuri,Fastfood,0.0,0.5714285714285714,0.1818181818181818,Online,Mrs.,Night
0.6322645290581161,5/24/2022,Cold coffee,Beverages,0.5,0.14285714285714285,0.11363636363636362,Online,Mr.,Evening
0.6332665330661322,7/26/2022,Panipuri,Fastfood,0.0,0.8571428571428571,0.2727272727272727,Cash,Mr.,Afternoon
0.6342685370741482,02-06-2023,Vadapav,Fastfood,0.0,1.0,0.3181818181818182,Online,Mrs.,Night
0.6362725450901803,5/14/2022,Aalopuri,Fastfood,0.0,0.4285714285714286,0.13636363636363635,Cash,Mr.,Midnight
0.6372745490981964,8/20/2022,Cold coffee,Beverages,0.5,0.7142857142857143,0.4772727272727273,Online,Mrs.,Afternoon
0.6382765531062123,1/26/2023,Vadapav,Fastfood,0.0,0.9285714285714286,0.29545454545454547,Cash,Mrs.,Morning
0.6392785571142284,01-04-2023,Sandwich,Fastfood,1.0,1.0,1.0,Online,Mr.,Night
0.6402805611222444,02-09-2023,Vadapav,Fastfood,0.0,1.0,0.3181818181818182,Cash,Mr.,Afternoon
0.6412825651302605,05-09-2022,Cold coffee,Beverages,0.5,0.6428571428571428,0.4318181818181818,Online,Mrs.,Morning
0.6422845691382765,10/20/2022,Sugarcane juice,Beverages,0.125,0.07142857142857142,0.03409090909090909,Cash,Mr.,Afternoon
0.6432865731462926,02-03-2023,Panipuri,Fastfood,0.0,0.2857142857142857,0.09090909090909091,Online,Mrs.,Evening
0.6442885771543085,7/26/2022,Sandwich,Fastfood,1.0,0.5714285714285714,0.5909090909090909,Cash,Mrs.,Night
0.6452905811623246,8/30/2022,Vadapav,Fastfood,0.0,0.9285714285714286,0.29545454545454547,Online,Mrs.,Afternoon
0.6462925851703406,06-05-2022,Vadapav,Fastfood,0.0,0.14285714285714285,0.04545454545454545,Cash,Mr.,Afternoon
0.6472945891783567,5/27/2022,Sandwich,Fastfood,1.0,0.4285714285714286,0.45454545454545453,Cash,Mr.,Night
0.6482965931863727,11-05-2022,Frankie,Fastfood,0.75,0.5714285714285714,0.48863636363636365,Cash,Mr.,Midnight
0.6492985971943888,04-07-2022,Sandwich,Fastfood,1.0,0.8571428571428571,0.8636363636363636,Online,Mrs.,Morning
0.6503006012024047,07-11-2022,Sandwich,Fastfood,1.0,0.6428571428571428,0.6590909090909091,Online,Mrs.,Midnight
0.6513026052104208,5/21/2022,Cold coffee,Beverages,0.5,0.8571428571428571,0.5681818181818181,Online,Mrs.,Afternoon
0.6523046092184368,5/30/2022,Frankie,Fastfood,0.75,0.6428571428571428,0.5454545454545454,Online,Mrs.,Midnight
0.6533066132264529,03-04-2023,Vadapav,Fastfood,0.0,0.5714285714285714,0.1818181818181818,Cash,Mrs.,Morning
0.6543086172344689,6/30/2022,Sugarcane juice,Beverages,0.125,0.7857142857142857,0.3181818181818182,Online,Mr.,Morning
0.655310621242485,11/28/2022,Sandwich,Fastfood,1.0,0.3571428571428571,0.38636363636363635,Online,Mrs.,Midnight
0.658316633266533,1/21/2023,Panipuri,Fastfood,0.0,0.07142857142857142,0.022727272727272728,Online,Mr.,Afternoon
0.6593186372745491,7/25/2022,Sandwich,Fastfood,1.0,0.5714285714285714,0.5909090909090909,Cash,Mrs.,Night
0.6603206412825651,10-11-2022,Frankie,Fastfood,0.75,0.4285714285714286,0.375,Online,Mrs.,Midnight
0.6613226452905812,2/15/2023,Panipuri,Fastfood,0.0,0.14285714285714285,0.04545454545454545,Online,Mrs.,Afternoon
0.6623246492985971,02-05-2023,Sugarcane juice,Beverages,0.125,0.0,0.00568181818181818,Online,Mr.,Night
0.6633266533066132,10/31/2022,Frankie,Fastfood,0.75,0.6428571428571428,0.5454545454545454,Online,Mrs.,Morning
0.6643286573146292,05-06-2022,Aalopuri,Fastfood,0.0,0.9285714285714286,0.29545454545454547,Online,Mrs.,Evening
0.6653306613226452,1/25/2023,Panipuri,Fastfood,0.0,0.5714285714285714,0.1818181818181818,Cash,Mr.,Evening
0.6663326653306613,9/28/2022,Vadapav,Fastfood,0.0,0.14285714285714285,0.04545454545454545,Cash,Mrs.,Evening
0.6673346693386772,05-11-2022,Aalopuri,Fastfood,0.0,0.21428571428571427,0.06818181818181818,Online,Mr.,Morning
0.6683366733466933,3/18/2023,Sandwich,Fastfood,1.0,0.7142857142857143,0.7272727272727273,Online,Mr.,Evening
0.6693386773547093,07-05-2022,Panipuri,Fastfood,0.0,1.0,0.3181818181818182,Cash,Mr.,Night
0.6703406813627254,10-09-2022,Sandwich,Fastfood,1.0,0.07142857142857142,0.11363636363636362,Online,Mr.,Afternoon
0.6723446893787575,9/17/2022,Sandwich,Fastfood,1.0,0.7857142857142857,0.7954545454545454,Cash,Mr.,Midnight
0.6743486973947895,4/17/2022,Sandwich,Fastfood,1.0,0.7857142857142857,0.7954545454545454,Cash,Mr.,Night
0.6753507014028055,05-04-2022,Frankie,Fastfood,0.75,0.4285714285714286,0.375,Cash,Mrs.,Evening
0.6763527054108216,5/19/2022,Cold coffee,Beverages,0.5,0.14285714285714285,0.11363636363636362,Online,Mrs.,Morning
0.6773547094188376,5/23/2022,Aalopuri,Fastfood,0.0,0.14285714285714285,0.04545454545454545,Online,Mr.,Evening
0.6783567134268537,11-02-2022,Sandwich,Fastfood,1.0,0.7857142857142857,0.7954545454545454,Online,Mr.,Morning
0.6793587174348696,4/20/2022,Cold coffee,Beverages,0.5,0.21428571428571427,0.1590909090909091,Cash,Mr.,Night
0.6803607214428857,12-09-2022,Frankie,Fastfood,0.75,0.5714285714285714,0.48863636363636365,Online,Mrs.,Night
0.6813627254509017,10-11-2022,Aalopuri,Fastfood,0.0,0.9285714285714286,0.29545454545454547,Online,Mr.,Midnight
0.6823647294589178,08-12-2022,Frankie,Fastfood,0.75,1.0,0.8295454545454545,Cash,Mr.,Midnight
0.6833667334669338,9/18/2022,Vadapav,Fastfood,0.0,0.2857142857142857,0.09090909090909091,Cash,Mr.,Afternoon
0.6843687374749499,5/20/2022,Aalopuri,Fastfood,0.0,0.14285714285714285,0.04545454545454545,Cash,Mrs.,Afternoon
0.6853707414829658,11/25/2022,Cold coffee,Beverages,0.5,0.2857142857142857,0.20454545454545453,Cash,Mr.,Afternoon
0.6863727454909819,12/18/2022,Vadapav,Fastfood,0.0,0.6428571428571428,0.20454545454545453,Cash,Mrs.,Midnight
0.6873747494989979,5/14/2022,Frankie,Fastfood,0.75,0.2857142857142857,0.26136363636363635,Online,Mr.,Afternoon
0.688376753507014,8/13/2022,Vadapav,Fastfood,0.0,0.3571428571428571,0.11363636363636362,Cash,Mrs.,Afternoon
0.68937875751503,10-05-2022,Vadapav,Fastfood,0.0,0.5714285714285714,0.1818181818181818,Cash,Mrs.,Night
0.6903807615230461,04-01-2022,Sandwich,Fastfood,1.0,0.4285714285714286,0.45454545454545453,Cash,Mrs.,Evening
0.691382765531062,1/13/2023,Frankie,Fastfood,0.75,0.9285714285714286,0.7727272727272727,Online,Mr.,Afternoon
0.6923847695390781,11/29/2022,Sugarcane juice,Beverages,0.125,0.8571428571428571,0.3465909090909091,Online,Mrs.,Midnight
0.6933867735470941,4/22/2022,Panipuri,Fastfood,0.0,0.9285714285714286,0.29545454545454547,Cash,Mr.,Midnight
0.6943887775551102,8/24/2022,Panipuri,Fastfood,0.0,0.6428571428571428,0.20454545454545453,Online,Mrs.,Midnight
0.6953907815631262,2/23/2023,Sugarcane juice,Beverages,0.125,0.14285714285714285,0.06249999999999999,Online,Mrs.,Evening
0.6963927855711423,05-05-2022,Sugarcane juice,Beverages,0.125,0.2857142857142857,0.1193181818181818,Cash,Mr.,Midnight
0.6973947895791582,11/26/2022,Panipuri,Fastfood,0.0,0.6428571428571428,0.20454545454545453,Online,Mr.,Night
0.6983967935871743,09-09-2022,Cold coffee,Beverages,0.5,0.0,0.022727272727272728,Online,Mr.,Evening
0.6993987975951903,11/15/2022,Frankie,Fastfood,0.75,0.3571428571428571,0.3181818181818182,Cash,Mrs.,Evening
0.7004008016032064,7/19/2022,Sugarcane juice,Beverages,0.125,0.9285714285714286,0.375,Online,Mrs.,Evening
0.7014028056112224,3/25/2023,Cold coffee,Beverages,0.5,0.8571428571428571,0.5681818181818181,Cash,Mrs.,Afternoon
0.7024048096192385,11-01-2022,Panipuri,Fastfood,0.0,0.6428571428571428,0.20454545454545453,Online,Mrs.,Afternoon
0.7034068136272544,8/14/2022,Sandwich,Fastfood,1.0,0.0,0.04545454545454545,Online,Mrs.,Evening
0.7044088176352705,10-07-2022,Sandwich,Fastfood,1.0,0.3571428571428571,0.38636363636363635,Online,Mr.,Evening
0.7054108216432865,02-05-2023,Frankie,Fastfood,0.75,0.5,0.4318181818181818,Online,Mr.,Night
0.7064128256513026,12/16/2022,Panipuri,Fastfood,0.0,0.07142857142857142,0.022727272727272728,Online,Mr.,Night
0.7074148296593186,3/15/2023,Sandwich,Fastfood,1.0,0.2857142857142857,0.3181818181818182,Cash,Mrs.,Midnight
0.7084168336673347,2/22/2023,Cold coffee,Beverages,0.5,0.3571428571428571,0.24999999999999997,Cash,Mr.,Morning
0.7104208416833667,10/30/2022,Aalopuri,Fastfood,0.0,0.14285714285714285,0.04545454545454545,Cash,Mr.,Afternoon
0.7114228456913827,12/17/2022,Vadapav,Fastfood,0.0,0.14285714285714285,0.04545454545454545,Online,Mrs.,Midnight
0.7124248496993988,12-02-2022,Sugarcane juice,Beverages,0.125,0.9285714285714286,0.375,Online,Mrs.,Morning
0.7134268537074148,12/14/2022,Sugarcane juice,Beverages,0.125,0.9285714285714286,0.375,Cash,Mr.,Afternoon
0.7144288577154309,04-12-2022,Sandwich,Fastfood,1.0,0.0,0.04545454545454545,Online,Mr.,Morning
0.7154308617234468,12-03-2022,Panipuri,Fastfood,0.0,0.5714285714285714,0.1818181818181818,Cash,Mrs.,Midnight
0.7174348697394789,12/28/2022,Aalopuri,Fastfood,0.0,0.07142857142857142,0.022727272727272728,Online,Mr.,Afternoon
0.7184368737474949,05-09-2022,Vadapav,Fastfood,0.0,1.0,0.3181818181818182,Cash,Mrs.,Midnight
0.719438877755511,05-10-2022,Frankie,Fastfood,0.75,0.9285714285714286,0.7727272727272727,Cash,Mrs.,Morning
0.722444889779559,2/16/2023,Cold coffee,Beverages,0.5,0.6428571428571428,0.4318181818181818,Online,Mr.,Evening
0.7234468937875751,6/27/2022,Frankie,Fastfood,0.75,0.6428571428571428,0.5454545454545454,Cash,Mrs.,Night
0.7244488977955911,07-04-2022,Vadapav,Fastfood,0.0,0.3571428571428571,0.11363636363636362,Online,Mrs.,Afternoon
0.7254509018036072,09-11-2022,Panipuri,Fastfood,0.0,0.0,0.0,Online,Mr.,Morning
0.7264529058116231,8/25/2022,Aalopuri,Fastfood,0.0,0.2857142857142857,0.09090909090909091,Cash,Mrs.,Midnight
0.7274549098196392,08-03-2022,Vadapav,Fastfood,0.0,0.0,0.0,Online,Mr.,Midnight
0.7284569138276552,11/24/2022,Sandwich,Fastfood,1.0,0.4285714285714286,0.45454545454545453,Cash,Mr.,Night
0.7294589178356713,6/28/2022,Frankie,Fastfood,0.75,0.8571428571428571,0.7159090909090909,Cash,Mrs.,Afternoon
0.7304609218436873,03-09-2023,Frankie,Fastfood,0.75,0.6428571428571428,0.5454545454545454,Cash,Mrs.,Afternoon
0.7324649298597193,02-03-2023,Frankie,Fastfood,0.75,0.6428571428571428,0.5454545454545454,Cash,Mr.,Evening
0.7334669338677354,10-07-2022,Frankie,Fastfood,0.75,0.4285714285714286,0.375,Cash,Mr.,Evening
0.7344689378757514,08-10-2022,Panipuri,Fastfood,0.0,0.7142857142857143,0.22727272727272727,Cash,Mr.,Morning
0.7364729458917835,9/20/2022,Frankie,Fastfood,0.75,0.8571428571428571,0.7159090909090909,Online,Mrs.,Night
0.7374749498997996,03-01-2023,Sandwich,Fastfood,1.0,0.21428571428571427,0.24999999999999997,Online,Mrs.,Morning
0.7384769539078155,06-06-2022,Aalopuri,Fastfood,0.0,0.7142857142857143,0.22727272727272727,Online,Mr.,Night
0.7394789579158316,7/30/2022,Aalopuri,Fastfood,0.0,0.5714285714285714,0.1818181818181818,Cash,Mr.,Midnight
0.7404809619238476,7/16/2022,Aalopuri,Fastfood,0.0,0.2857142857142857,0.09090909090909091,Online,Mr.,Afternoon
0.7414829659318637,11/18/2022,Panipuri,Fastfood,0.0,0.9285714285714286,0.29545454545454547,Online,Mr.,Night
0.7424849699398797,11-09-2022,Panipuri,Fastfood,0.0,0.0,0.0,Cash,Mr.,Morning
0.7434869739478958,6/25/2022,Frankie,Fastfood,0.75,0.6428571428571428,0.5454545454545454,Cash,Mrs.,Morning
0.7444889779559117,09-11-2022,Aalopuri,Fastfood,0.0,0.07142857142857142,0.022727272727272728,Online,Mr.,Evening
0.7454909819639278,08-05-2022,Sugarcane juice,Beverages,0.125,0.2857142857142857,0.1193181818181818,Online,Mrs.,Midnight
0.7464929859719438,1/14/2023,Cold coffee,Beverages,0.5,0.14285714285714285,0.11363636363636362,Cash,Mrs.,Midnight
0.7474949899799599,9/20/2022,Sandwich,Fastfood,1.0,0.9285714285714286,0.9318181818181818,Cash,Mrs.,Night
0.7484969939879759,8/31/2022,Vadapav,Fastfood,0.0,0.7142857142857143,0.22727272727272727,Cash,Mr.,Morning
0.749498997995992,02-01-2023,Frankie,Fastfood,0.75,0.0,0.03409090909090909,Online,Mr.,Evening
0.7505010020040079,9/16/2022,Vadapav,Fastfood,0.0,0.07142857142857142,0.022727272727272728,Cash,Mr.,Afternoon
0.751503006012024,06-04-2022,Panipuri,Fastfood,0.0,0.07142857142857142,0.022727272727272728,Online,Mrs.,Morning
0.75250501002004,6/26/2022,Sugarcane juice,Beverages,0.125,0.0,0.00568181818181818,Cash,Mr.,Midnight
0.7535070140280561,12/29/2022,Sugarcane juice,Beverages,0.125,0.9285714285714286,0.375,Cash,Mrs.,Evening
0.7545090180360721,01-02-2023,Aalopuri,Fastfood,0.0,0.7857142857142857,0.24999999999999997,Cash,Mrs.,Night
0.7555110220440882,10/21/2022,Sugarcane juice,Beverages,0.125,0.6428571428571428,0.26136363636363635,Online,Mrs.,Morning
0.7565130260521041,12/25/2022,Sugarcane juice,Beverages,0.125,0.7142857142857143,0.2897727272727273,Online,Mr.,Morning
0.7575150300601202,9/25/2022,Vadapav,Fastfood,0.0,0.14285714285714285,0.04545454545454545,Cash,Mrs.,Evening
0.7585170340681362,12/25/2022,Sugarcane juice,Beverages,0.125,0.8571428571428571,0.3465909090909091,Online,Mr.,Midnight
0.7595190380761523,11/14/2022,Sugarcane juice,Beverages,0.125,0.0,0.00568181818181818,Online,Mrs.,Evening
0.7615230460921844,04-09-2022,Vadapav,Fastfood,0.0,0.7857142857142857,0.24999999999999997,Online,Mrs.,Midnight
0.7635270541082164,2/14/2023,Sandwich,Fastfood,1.0,0.4285714285714286,0.45454545454545453,Cash,Mrs.,Night
0.7645290581162324,6/15/2022,Sandwich,Fastfood,1.0,0.8571428571428571,0.8636363636363636,Cash,Mr.,Night
0.7655310621242485,6/19/2022,Sandwich,Fastfood,1.0,0.6428571428571428,0.6590909090909091,Online,Mrs.,Morning
0.7665330661322645,2/26/2023,Frankie,Fastfood,0.75,0.5,0.4318181818181818,Cash,Mrs.,Afternoon
0.7675350701402804,01-12-2023,Sandwich,Fastfood,1.0,0.9285714285714286,0.9318181818181818,Cash,Mr.,Afternoon
0.7685370741482965,06-07-2022,Frankie,Fastfood,0.75,0.5,0.4318181818181818,Cash,Mr.,Morning
0.7695390781563125,2/22/2023,Aalopuri,Fastfood,0.0,0.5,0.1590909090909091,Cash,Mrs.,Morning
0.7705410821643286,8/15/2022,Panipuri,Fastfood,0.0,0.2857142857142857,0.09090909090909091,Online,Mrs.,Midnight
0.7715430861723446,3/20/2023,Cold coffee,Beverages,0.5,0.5714285714285714,0.38636363636363635,Cash,Mr.,Evening
0.7725450901803607,8/14/2022,Cold coffee,Beverages,0.5,0.4285714285714286,0.29545454545454547,Online,Mr.,Afternoon
0.7735470941883766,3/15/2023,Vadapav,Fastfood,0.0,0.0,0.0,Online,Mrs.,Night
0.7745490981963927,3/27/2023,Sandwich,Fastfood,1.0,0.3571428571428571,0.38636363636363635,Cash,Mr.,Night
0.7755511022044087,02-07-2023,Frankie,Fastfood,0.75,0.6428571428571428,0.5454545454545454,Cash,Mr.,Midnight
0.7765531062124248,10/23/2022,Panipuri,Fastfood,0.0,0.8571428571428571,0.2727272727272727,Cash,Mr.,Morning
0.7775551102204408,06-11-2022,Frankie,Fastfood,0.75,0.8571428571428571,0.7159090909090909,Cash,Mr.,Evening
0.7795591182364728,11/27/2022,Sugarcane juice,Beverages,0.125,0.8571428571428571,0.3465909090909091,Online,Mrs.,Afternoon
0.7805611222444889,5/27/2022,Aalopuri,Fastfood,0.0,0.6428571428571428,0.20454545454545453,Online,Mr.,Midnight
0.7815631262525049,12/16/2022,Aalopuri,Fastfood,0.0,0.2857142857142857,0.09090909090909091,Online,Mr.,Night
0.782565130260521,4/29/2022,Aalopuri,Fastfood,0.0,0.5,0.1590909090909091,Cash,Mr.,Morning
0.783567134268537,07-09-2022,Vadapav,Fastfood,0.0,0.5,0.1590909090909091,Cash,Mrs.,Morning
0.7845691382765531,12-07-2022,Aalopuri,Fastfood,0.0,0.07142857142857142,0.022727272727272728,Online,Mr.,Afternoon
0.785571142284569,3/13/2023,Sandwich,Fastfood,1.0,0.9285714285714286,0.9318181818181818,Online,Mrs.,Night
0.7865731462925851,3/25/2023,Aalopuri,Fastfood,0.0,0.07142857142857142,0.022727272727272728,Cash,Mrs.,Afternoon
0.7875751503006011,8/13/2022,Sugarcane juice,Beverages,0.125,0.4285714285714286,0.17613636363636362,Online,Mr.,Afternoon
0.7885771543086172,08-03-2022,Sugarcane juice,Beverages,0.125,0.4285714285714286,0.17613636363636362,Cash,Mr.,Morning
0.7895791583166332,7/20/2022,Panipuri,Fastfood,0.0,0.14285714285714285,0.04545454545454545,Cash,Mrs.,Evening
0.7915831663326652,2/25/2023,Vadapav,Fastfood,0.0,0.07142857142857142,0.022727272727272728,Cash,Mrs.,Morning
0.7925851703406813,8/30/2022,Sandwich,Fastfood,1.0,0.3571428571428571,0.38636363636363635,Cash,Mrs.,Night
0.7935871743486973,10-02-2022,Sugarcane juice,Beverages,0.125,0.2857142857142857,0.1193181818181818,Online,Mr.,Afternoon
0.7945891783567134,01-10-2023,Vadapav,Fastfood,0.0,0.5714285714285714,0.1818181818181818,Cash,Mr.,Evening
0.7955911823647294,6/25/2022,Sugarcane juice,Beverages,0.125,0.9285714285714286,0.375,Online,Mr.,Night
0.7965931863727455,11/26/2022,Cold coffee,Beverages,0.5,0.7142857142857143,0.4772727272727273,Cash,Mr.,Night
0.7985971943887775,01-11-2023,Panipuri,Fastfood,0.0,0.0,0.0,Online,Mrs.,Night
0.7995991983967935,11-06-2022,Cold coffee,Beverages,0.5,0.9285714285714286,0.6136363636363636,Cash,Mr.,Night
0.8006012024048096,4/28/2022,Aalopuri,Fastfood,0.0,0.4285714285714286,0.13636363636363635,Cash,Mrs.,Evening
0.8016032064128256,1/23/2023,Sandwich,Fastfood,1.0,0.4285714285714286,0.45454545454545453,Online,Mrs.,Afternoon
0.8036072144288576,10-11-2022,Cold coffee,Beverages,0.5,0.7857142857142857,0.5227272727272727,Online,Mrs.,Night
0.8046092184368737,05-08-2022,Sugarcane juice,Beverages,0.125,0.0,0.00568181818181818,Online,Mr.,Afternoon
0.8056112224448897,5/23/2022,Vadapav,Fastfood,0.0,0.14285714285714285,0.04545454545454545,Online,Mr.,Evening
0.8066132264529058,6/13/2022,Frankie,Fastfood,0.75,0.0,0.03409090909090909,Online,Mrs.,Midnight
0.8076152304609218,9/21/2022,Panipuri,Fastfood,0.0,0.0,0.0,Online,Mr.,Morning
0.8086172344689379,12-12-2022,Panipuri,Fastfood,0.0,0.6428571428571428,0.20454545454545453,Online,Mr.,Evening
0.8096192384769538,12/27/2022,Vadapav,Fastfood,0.0,0.14285714285714285,0.04545454545454545,Online,Mr.,Morning
0.8106212424849699,03-02-2023,Aalopuri,Fastfood,0.0,0.8571428571428571,0.2727272727272727,Cash,Mr.,Afternoon
0.8116232464929859,08-08-2022,Panipuri,Fastfood,0.0,0.2857142857142857,0.09090909090909091,Cash,Mr.,Afternoon
0.812625250501002,10/13/2022,Panipuri,Fastfood,0.0,0.6428571428571428,0.20454545454545453,Online,Mr.,Afternoon
0.813627254509018,10-05-2022,Vadapav,Fastfood,0.0,0.8571428571428571,0.2727272727272727,Cash,Mrs.,Midnight
0.814629258517034,4/20/2022,Cold coffee,Beverages,0.5,0.7857142857142857,0.5227272727272727,Online,Mrs.,Afternoon
0.81563126252505,01-11-2023,Sugarcane juice,Beverages,0.125,0.7142857142857143,0.2897727272727273,Cash,Mr.,Morning
0.8166332665330661,5/21/2022,Aalopuri,Fastfood,0.0,0.7857142857142857,0.24999999999999997,Cash,Mrs.,Evening
0.8176352705410821,2/28/2023,Frankie,Fastfood,0.75,0.3571428571428571,0.3181818181818182,Cash,Mr.,Night
0.8186372745490982,10-12-2022,Vadapav,Fastfood,0.0,0.6428571428571428,0.20454545454545453,Cash,Mr.,Evening
0.8206412825651301,7/24/2022,Aalopuri,Fastfood,0.0,0.7857142857142857,0.24999999999999997,Cash,Mrs.,Midnight
0.8216432865731462,6/17/2022,Panipuri,Fastfood,0.0,0.7857142857142857,0.24999999999999997,Online,Mr.,Morning
0.8226452905811622,2/13/2023,Panipuri,Fastfood,0.0,0.7142857142857143,0.22727272727272727,Online,Mr.,Midnight
0.8236472945891783,1/18/2023,Vadapav,Fastfood,0.0,0.07142857142857142,0.022727272727272728,Online,Mrs.,Evening
0.8246492985971943,10/30/2022,Panipuri,Fastfood,0.0,0.9285714285714286,0.29545454545454547,Cash,Mrs.,Morning
0.8256513026052104,12-02-2022,Sandwich,Fastfood,1.0,1.0,1.0,Cash,Mrs.,Night
0.8266533066132263,01-06-2023,Sandwich,Fastfood,1.0,0.7857142857142857,0.7954545454545454,Cash,Mr.,Midnight
0.8276553106212424,8/18/2022,Panipuri,Fastfood,0.0,0.3571428571428571,0.11363636363636362,Cash,Mr.,Evening
0.8286573146292584,9/19/2022,Cold coffee,Beverages,0.5,0.3571428571428571,0.24999999999999997,Cash,Mr.,Night
0.8306613226452905,08-01-2022,Frankie,Fastfood,0.75,0.2857142857142857,0.26136363636363635,Online,Mrs.,Morning
0.8316633266533066,06-06-2022,Sugarcane juice,Beverages,0.125,0.21428571428571427,0.09090909090909091,Cash,Mr.,Morning
0.8326653306613225,09-01-2022,Panipuri,Fastfood,0.0,0.07142857142857142,0.022727272727272728,Online,Mrs.,Evening
0.8336673346693386,5/25/2022,Sugarcane juice,Beverages,0.125,0.9285714285714286,0.375,Cash,Mr.,Evening
0.8346693386773546,9/27/2022,Sugarcane juice,Beverages,0.125,0.4285714285714286,0.17613636363636362,Online,Mr.,Afternoon
0.8356713426853707,8/31/2022,Vadapav,Fastfood,0.0,0.07142857142857142,0.022727272727272728,Cash,Mrs.,Midnight
0.8366733466933867,5/19/2022,Aalopuri,Fastfood,0.0,0.4285714285714286,0.13636363636363635,Cash,Mr.,Midnight
0.8376753507014028,7/31/2022,Cold coffee,Beverages,0.5,0.5714285714285714,0.38636363636363635,Online,Mrs.,Morning
0.8386773547094187,05-08-2022,Sugarcane juice,Beverages,0.125,0.21428571428571427,0.09090909090909091,Cash,Mrs.,Afternoon
0.8406813627254508,02-03-2023,Vadapav,Fastfood,0.0,0.5714285714285714,0.1818181818181818,Cash,Mr.,Night
0.8416833667334669,5/25/2022,Panipuri,Fastfood,0.0,0.07142857142857142,0.022727272727272728,Cash,Mrs.,Evening
0.8426853707414829,07-04-2022,Sugarcane juice,Beverages,0.125,0.0,0.00568181818181818,Cash,Mrs.,Morning
0.843687374749499,05-04-2022,Sugarcane juice,Beverages,0.125,0.8571428571428571,0.3465909090909091,Cash,Mr.,Morning
0.8446893787575149,07-01-2022,Cold coffee,Beverages,0.5,0.3571428571428571,0.24999999999999997,Online,Mrs.,Evening
0.845691382765531,4/20/2022,Aalopuri,Fastfood,0.0,0.2857142857142857,0.09090909090909091,Online,Mr.,Afternoon
0.846693386773547,8/14/2022,Panipuri,Fastfood,0.0,0.7142857142857143,0.22727272727272727,Online,Mr.,Midnight
0.8476953907815631,11-10-2022,Frankie,Fastfood,0.75,0.5714285714285714,0.48863636363636365,Cash,Mr.,Night
0.8486973947895791,11-03-2022,Cold coffee,Beverages,0.5,0.6428571428571428,0.4318181818181818,Cash,Mrs.,Night
0.8496993987975952,8/20/2022,Vadapav,Fastfood,0.0,0.14285714285714285,0.04545454545454545,Online,Mrs.,Afternoon
0.8507014028056111,1/28/2023,Aalopuri,Fastfood,0.0,1.0,0.3181818181818182,Online,Mrs.,Night
0.8517034068136272,05-05-2022,Sugarcane juice,Beverages,0.125,0.5,0.20454545454545453,Online,Mr.,Night
0.8527054108216432,2/17/2023,Cold coffee,Beverages,0.5,0.14285714285714285,0.11363636363636362,Online,Mrs.,Midnight
0.8537074148296593,10/14/2022,Cold coffee,Beverages,0.5,0.9285714285714286,0.6136363636363636,Online,Mrs.,Night
0.8547094188376753,10/23/2022,Vadapav,Fastfood,0.0,0.2857142857142857,0.09090909090909091,Online,Mr.,Evening
0.8557114228456913,05-04-2022,Aalopuri,Fastfood,0.0,0.7142857142857143,0.22727272727272727,Cash,Mrs.,Night
0.8567134268537073,11-08-2022,Sugarcane juice,Beverages,0.125,0.9285714285714286,0.375,Online,Mrs.,Evening
0.8577154308617234,11/22/2022,Cold coffee,Beverages,0.5,0.5714285714285714,0.38636363636363635,Cash,Mr.,Evening
0.8587174348697394,10-08-2022,Sandwich,Fastfood,1.0,0.7142857142857143,0.7272727272727273,Cash,Mrs.,Midnight
0.8597194388777555,7/16/2022,Cold coffee,Beverages,0.5,0.2857142857142857,0.20454545454545453,Cash,Mr.,Night
0.8607214428857715,1/24/2023,Sugarcane juice,Beverages,0.125,0.5,0.20454545454545453,Cash,Mrs.,Night
0.8617234468937875,03-10-2023,Frankie,Fastfood,0.75,0.4285714285714286,0.375,Online,Mr.,Night
0.8627254509018035,09-08-2022,Frankie,Fastfood,0.75,0.5714285714285714,0.48863636363636365,Online,Mr.,Night
0.8637274549098196,8/20/2022,Cold coffee,Beverages,0.5,0.5714285714285714,0.38636363636363635,Online,Mr.,Morning
0.8647294589178356,1/23/2023,Sugarcane juice,Beverages,0.125,0.3571428571428571,0.1477272727272727,Cash,Mrs.,Night
0.8657314629258517,8/13/2022,Frankie,Fastfood,0.75,0.6428571428571428,0.5454545454545454,Online,Mr.,Midnight
0.8667334669338677,1/26/2023,Frankie,Fastfood,0.75,1.0,0.8295454545454545,Cash,Mr.,Midnight
0.8677354709418837,8/17/2022,Aalopuri,Fastfood,0.0,0.8571428571428571,0.2727272727272727,Cash,Mrs.,Evening
0.8687374749498997,6/26/2022,Panipuri,Fastfood,0.0,0.5714285714285714,0.1818181818181818,Online,Mr.,Midnight
0.8697394789579158,10/31/2022,Cold coffee,Beverages,0.5,0.2857142857142857,0.20454545454545453,Online,Mrs.,Afternoon
0.8717434869739478,7/14/2022,Sandwich,Fastfood,1.0,0.7857142857142857,0.7954545454545454,Cash,Mr.,Afternoon
0.8727454909819639,05-09-2022,Sugarcane juice,Beverages,0.125,0.0,0.00568181818181818,Online,Mr.,Night
0.8737474949899798,05-09-2022,Cold coffee,Beverages,0.5,0.21428571428571427,0.1590909090909091,Cash,Mr.,Midnight
0.8747494989979959,08-05-2022,Vadapav,Fastfood,0.0,1.0,0.3181818181818182,Cash,Mr.,Evening
0.8757515030060119,06-10-2022,Cold coffee,Beverages,0.5,0.5,0.34090909090909094,Online,Mrs.,Evening
0.876753507014028,10/27/2022,Sugarcane juice,Beverages,0.125,0.9285714285714286,0.375,Cash,Mrs.,Afternoon
0.877755511022044,08-12-2022,Sandwich,Fastfood,1.0,0.3571428571428571,0.38636363636363635,Online,Mr.,Evening
0.87875751503006,11-06-2022,Cold coffee,Beverages,0.5,0.5714285714285714,0.38636363636363635,Cash,Mrs.,Evening
0.879759519038076,6/25/2022,Sugarcane juice,Beverages,0.125,0.2857142857142857,0.1193181818181818,Cash,Mrs.,Morning
0.8807615230460921,5/25/2022,Sandwich,Fastfood,1.0,0.07142857142857142,0.11363636363636362,Cash,Mr.,Midnight
0.8817635270541081,4/23/2022,Panipuri,Fastfood,0.0,0.5714285714285714,0.1818181818181818,Online,Mr.,Morning
0.8827655310621242,8/24/2022,Aalopuri,Fastfood,0.0,0.2857142857142857,0.09090909090909091,Online,Mrs.,Midnight
0.8837675350701402,03-01-2023,Vadapav,Fastfood,0.0,0.7857142857142857,0.24999999999999997,Online,Mr.,Night
0.8847695390781563,10/16/2022,Sugarcane juice,Beverages,0.125,0.21428571428571427,0.09090909090909091,Cash,Mr.,Evening
0.8857715430861722,7/21/2022,Sugarcane juice,Beverages,0.125,0.21428571428571427,0.09090909090909091,Cash,Mrs.,Night
0.8867735470941883,10/24/2022,Aalopuri,Fastfood,0.0,0.14285714285714285,0.04545454545454545,Cash,Mr.,Morning
0.8877755511022043,09-05-2022,Vadapav,Fastfood,0.0,0.5,0.1590909090909091,Cash,Mr.,Evening
0.8887775551102204,04-12-2022,Vadapav,Fastfood,0.0,0.6428571428571428,0.20454545454545453,Online,Mr.,Midnight
0.8897795591182364,03-03-2023,Sugarcane juice,Beverages,0.125,0.2857142857142857,0.1193181818181818,Cash,Mrs.,Morning
0.8907815631262525,12/27/2022,Cold coffee,Beverages,0.5,0.7142857142857143,0.4772727272727273,Cash,Mr.,Midnight
0.8917835671342684,7/14/2022,Sugarcane juice,Beverages,0.125,0.4285714285714286,0.17613636363636362,Online,Mrs.,Evening
0.8927855711422845,7/13/2022,Sugarcane juice,Beverages,0.125,0.7857142857142857,0.3181818181818182,Cash,Mrs.,Afternoon
0.8937875751503005,3/19/2023,Sandwich,Fastfood,1.0,1.0,1.0,Cash,Mr.,Morning
0.8947895791583166,01-03-2023,Sugarcane juice,Beverages,0.125,0.7142857142857143,0.2897727272727273,Cash,Mr.,Afternoon
0.8957915831663326,10/30/2022,Aalopuri,Fastfood,0.0,0.8571428571428571,0.2727272727272727,Cash,Mr.,Night
0.8967935871743486,8/22/2022,Aalopuri,Fastfood,0.0,0.3571428571428571,0.11363636363636362,Online,Mr.,Morning
0.8977955911823646,03-02-2023,Frankie,Fastfood,0.75,0.5,0.4318181818181818,Cash,Mr.,Afternoon
0.8987975951903807,1/24/2023,Aalopuri,Fastfood,0.0,0.4285714285714286,0.13636363636363635,Cash,Mr.,Midnight
0.8997995991983967,12-07-2022,Sugarcane juice,Beverages,0.125,0.5714285714285714,0.23295454545454544,Online,Mr.,Afternoon
0.9008016032064128,12/24/2022,Vadapav,Fastfood,0.0,0.4285714285714286,0.13636363636363635,Online,Mrs.,Morning
0.9018036072144288,11/23/2022,Frankie,Fastfood,0.75,0.21428571428571427,0.20454545454545453,Online,Mr.,Afternoon
0.9028056112224448,01-01-2023,Aalopuri,Fastfood,0.0,1.0,0.3181818181818182,Online,Mr.,Night
0.9038076152304608,03-12-2023,Aalopuri,Fastfood,0.0,0.21428571428571427,0.06818181818181818,Cash,Mrs.,Midnight
0.9048096192384769,12/13/2022,Frankie,Fastfood,0.75,1.0,0.8295454545454545,Cash,Mrs.,Midnight
0.9058116232464929,04-04-2022,Sandwich,Fastfood,1.0,1.0,1.0,Cash,Mr.,Afternoon
0.907815631262525,03-06-2023,Sandwich,Fastfood,1.0,0.4285714285714286,0.45454545454545453,Cash,Mrs.,Night
0.908817635270541,2/21/2023,Cold coffee,Beverages,0.5,0.7857142857142857,0.5227272727272727,Online,Mrs.,Morning
0.909819639278557,10-09-2022,Panipuri,Fastfood,0.0,0.0,0.0,Cash,Mrs.,Afternoon
0.9108216432865731,04-09-2022,Sandwich,Fastfood,1.0,0.0,0.04545454545454545,Cash,Mr.,Evening
0.9118236472945891,9/17/2022,Aalopuri,Fastfood,0.0,0.3571428571428571,0.11363636363636362,Cash,Mr.,Evening
0.9128256513026052,2/15/2023,Frankie,Fastfood,0.75,1.0,0.8295454545454545,Online,Mr.,Evening
0.9138276553106212,03-01-2023,Sandwich,Fastfood,1.0,0.9285714285714286,0.9318181818181818,Cash,Mr.,Night
0.9148296593186372,10-07-2022,Cold coffee,Beverages,0.5,0.4285714285714286,0.29545454545454547,Online,Mr.,Afternoon
0.9168336673346693,5/15/2022,Vadapav,Fastfood,0.0,1.0,0.3181818181818182,Online,Mr.,Evening
0.9178356713426853,11-12-2022,Panipuri,Fastfood,0.0,0.3571428571428571,0.11363636363636362,Cash,Mr.,Evening
0.9188376753507014,01-03-2023,Vadapav,Fastfood,0.0,0.5,0.1590909090909091,Online,Mrs.,Evening
0.9198396793587174,07-12-2022,Frankie,Fastfood,0.75,0.8571428571428571,0.7159090909090909,Online,Mr.,Evening
0.9208416833667334,9/21/2022,Vadapav,Fastfood,0.0,0.9285714285714286,0.29545454545454547,Cash,Mr.,Midnight
0.9218436873747494,6/13/2022,Frankie,Fastfood,0.75,0.2857142857142857,0.26136363636363635,Online,Mrs.,Evening
0.9228456913827654,5/30/2022,Cold coffee,Beverages,0.5,0.14285714285714285,0.11363636363636362,Online,Mr.,Morning
0.9238476953907815,12/17/2022,Panipuri,Fastfood,0.0,0.9285714285714286,0.29545454545454547,Cash,Mr.,Afternoon
0.9248496993987975,04-10-2022,Frankie,Fastfood,0.75,0.21428571428571427,0.20454545454545453,Online,Mrs.,Afternoon
0.9258517034068136,2/27/2023,Frankie,Fastfood,0.75,1.0,0.8295454545454545,Cash,Mrs.,Afternoon
0.9278557114228456,04-07-2022,Sandwich,Fastfood,1.0,0.7142857142857143,0.7272727272727273,Online,Mr.,Evening
0.9288577154308616,06-06-2022,Frankie,Fastfood,0.75,0.5714285714285714,0.48863636363636365,Online,Mrs.,Night
0.9298597194388777,11/27/2022,Sugarcane juice,Beverages,0.125,0.6428571428571428,0.26136363636363635,Online,Mr.,Night
0.9308617234468937,6/26/2022,Aalopuri,Fastfood,0.0,1.0,0.3181818181818182,Cash,Mr.,Afternoon
0.9318637274549098,10/18/2022,Sandwich,Fastfood,1.0,0.5714285714285714,0.5909090909090909,Online,Mr.,Afternoon
0.9328657314629257,1/21/2023,Sugarcane juice,Beverages,0.125,1.0,0.4034090909090909,Online,Mrs.,Afternoon
0.9338677354709418,9/19/2022,Cold coffee,Beverages,0.5,0.21428571428571427,0.1590909090909091,Cash,Mrs.,Afternoon
0.9348697394789578,2/17/2023,Sandwich,Fastfood,1.0,0.7857142857142857,0.7954545454545454,Cash,Mr.,Midnight
0.9368737474949899,6/22/2022,Panipuri,Fastfood,0.0,0.21428571428571427,0.06818181818181818,Cash,Mr.,Night
0.937875751503006,08-10-2022,Sugarcane juice,Beverages,0.125,0.9285714285714286,0.375,Cash,Mr.,Evening
0.9388777555110219,2/19/2023,Vadapav,Fastfood,0.0,1.0,0.3181818181818182,Online,Mr.,Midnight
0.939879759519038,02-07-2023,Sugarcane juice,Beverages,0.125,0.9285714285714286,0.375,Online,Mrs.,Midnight
0.940881763527054,02-10-2023,Cold coffee,Beverages,0.5,0.6428571428571428,0.4318181818181818,Online,Mrs.,Morning
0.9418837675350701,7/20/2022,Frankie,Fastfood,0.75,0.3571428571428571,0.3181818181818182,Cash,Mr.,Night
0.9428857715430861,6/30/2022,Vadapav,Fastfood,0.0,0.3571428571428571,0.11363636363636362,Cash,Mrs.,Night
0.9438877755511021,05-12-2022,Aalopuri,Fastfood,0.0,0.07142857142857142,0.022727272727272728,Cash,Mr.,Midnight
0.9448897795591181,5/15/2022,Cold coffee,Beverages,0.5,0.07142857142857142,0.06818181818181818,Online,Mrs.,Afternoon
0.9458917835671342,2/21/2023,Sandwich,Fastfood,1.0,0.5,0.5227272727272727,Cash,Mr.,Midnight
0.9468937875751502,8/16/2022,Aalopuri,Fastfood,0.0,0.7142857142857143,0.22727272727272727,Online,Mr.,Night
0.9478957915831663,1/16/2023,Sandwich,Fastfood,1.0,0.6428571428571428,0.6590909090909091,Online,Mr.,Evening
0.9488977955911823,01-07-2023,Panipuri,Fastfood,0.0,0.0,0.0,Cash,Mrs.,Evening
0.9498997995991983,9/25/2022,Frankie,Fastfood,0.75,0.3571428571428571,0.3181818181818182,Online,Mrs.,Evening
0.9509018036072143,11-11-2022,Panipuri,Fastfood,0.0,0.7142857142857143,0.22727272727272727,Cash,Mrs.,Afternoon
0.9519038076152304,9/24/2022,Aalopuri,Fastfood,0.0,0.9285714285714286,0.29545454545454547,Cash,Mrs.,Evening
0.9529058116232464,11-10-2022,Sandwich,Fastfood,1.0,0.07142857142857142,0.11363636363636362,Online,Mrs.,Afternoon
0.9539078156312625,1/31/2023,Aalopuri,Fastfood,0.0,0.14285714285714285,0.04545454545454545,Cash,Mrs.,Midnight
0.9549098196392785,1/27/2023,Sugarcane juice,Beverages,0.125,0.4285714285714286,0.17613636363636362,Online,Mr.,Afternoon
0.9559118236472945,4/30/2022,Frankie,Fastfood,0.75,0.8571428571428571,0.7159090909090909,Online,Mr.,Morning
0.9569138276553105,02-08-2023,Panipuri,Fastfood,0.0,0.14285714285714285,0.04545454545454545,Online,Mrs.,Midnight
0.9579158316633266,5/22/2022,Sandwich,Fastfood,1.0,0.7142857142857143,0.7272727272727273,Online,Mrs.,Night
0.9589178356713426,11/28/2022,Vadapav,Fastfood,0.0,0.5,0.1590909090909091,Online,Mrs.,Midnight
0.9599198396793587,08-12-2022,Sugarcane juice,Beverages,0.125,1.0,0.4034090909090909,Online,Mrs.,Evening
0.9609218436873747,3/14/2023,Frankie,Fastfood,0.75,0.8571428571428571,0.7159090909090909,Cash,Mr.,Night
0.9619238476953907,5/18/2022,Frankie,Fastfood,0.75,0.8571428571428571,0.7159090909090909,Online,Mrs.,Afternoon
0.9629258517034067,10-05-2022,Vadapav,Fastfood,0.0,0.3571428571428571,0.11363636363636362,Cash,Mrs.,Morning
0.9639278557114228,05-07-2022,Cold coffee,Beverages,0.5,0.5,0.34090909090909094,Cash,Mr.,Evening
0.9649298597194388,10-08-2022,Frankie,Fastfood,0.75,0.2857142857142857,0.26136363636363635,Online,Mrs.,Night
0.9659318637274549,3/19/2023,Panipuri,Fastfood,0.0,0.7142857142857143,0.22727272727272727,Online,Mrs.,Morning
0.9669338677354709,6/29/2022,Cold coffee,Beverages,0.5,0.9285714285714286,0.6136363636363636,Cash,Mr.,Afternoon
0.9679358717434869,08-09-2022,Cold coffee,Beverages,0.5,1.0,0.6590909090909091,Cash,Mrs.,Morning
0.9689378757515029,11-06-2022,Cold coffee,Beverages,0.5,0.7142857142857143,0.4772727272727273,Cash,Mr.,Morning
0.969939879759519,11/21/2022,Aalopuri,Fastfood,0.0,0.2857142857142857,0.09090909090909091,Online,Mrs.,Afternoon
0.970941883767535,10-02-2022,Frankie,Fastfood,0.75,0.07142857142857142,0.09090909090909091,Cash,Mrs.,Morning
0.9719438877755511,03-11-2023,Aalopuri,Fastfood,0.0,0.0,0.0,Cash,Mrs.,Afternoon
0.973947895791583,1/28/2023,Vadapav,Fastfood,0.0,0.8571428571428571,0.2727272727272727,Online,Mr.,Afternoon
0.9749498997995991,1/15/2023,Aalopuri,Fastfood,0.0,0.0,0.0,Cash,Mr.,Midnight
0.9769539078156312,01-05-2023,Aalopuri,Fastfood,0.0,0.0,0.0,Cash,Mr.,Evening
0.9779559118236472,10-08-2022,Frankie,Fastfood,0.75,0.07142857142857142,0.09090909090909091,Online,Mr.,Night
0.9789579158316633,5/21/2022,Aalopuri,Fastfood,0.0,0.8571428571428571,0.2727272727272727,Cash,Mrs.,Midnight
0.9799599198396792,6/20/2022,Vadapav,Fastfood,0.0,0.5714285714285714,0.1818181818181818,Online,Mr.,Morning
0.9809619238476953,1/22/2023,Panipuri,Fastfood,0.0,1.0,0.3181818181818182,Online,Mr.,Midnight
0.9819639278557113,3/30/2023,Sugarcane juice,Beverages,0.125,0.9285714285714286,0.375,Cash,Mrs.,Night
0.9839679358717434,01-07-2023,Frankie,Fastfood,0.75,0.14285714285714285,0.1477272727272727,Cash,Mr.,Afternoon
0.9849699398797594,6/14/2022,Frankie,Fastfood,0.75,0.0,0.03409090909090909,Cash,Mrs.,Afternoon
0.9859719438877754,4/30/2022,Sugarcane juice,Beverages,0.125,0.8571428571428571,0.3465909090909091,Online,Mr.,Night
0.9869739478957915,01-04-2023,Vadapav,Fastfood,0.0,0.14285714285714285,0.04545454545454545,Cash,Mrs.,Evening
0.9889779559118236,10-11-2022,Cold coffee,Beverages,0.5,0.8571428571428571,0.5681818181818181,Cash,Mr.,Afternoon
0.9899799599198396,11/24/2022,Vadapav,Fastfood,0.0,0.6428571428571428,0.20454545454545453,Online,Mrs.,Morning
0.9909819639278556,1/18/2023,Sandwich,Fastfood,1.0,0.4285714285714286,0.45454545454545453,Cash,Mrs.,Night
0.9919839679358716,10/21/2022,Sandwich,Fastfood,1.0,0.2857142857142857,0.3181818181818182,Cash,Mr.,Morning
0.9929859719438877,7/17/2022,Frankie,Fastfood,0.75,0.14285714285714285,0.1477272727272727,Online,Mrs.,Night
0.9939879759519037,11-01-2022,Panipuri,Fastfood,0.0,0.07142857142857142,0.022727272727272728,Online,Mrs.,Evening
0.9949899799599198,6/18/2022,Sugarcane juice,Beverages,0.125,0.0,0.00568181818181818,Online,Mr.,Night
0.9999999999999999,5/29/2022,Aalopuri,Fastfood,0.0,0.14285714285714285,0.04545454545454545,Online,Mrs.,Midnight
